Date,Open,High,Low,Close,Volume,Company,Ticker
2023-01-02,782.8598948008254,788.994783343364,778.7940509867589,783.6778564453125,4381378,HDFC Bank,HDFCBANK.NS
2023-01-03,780.5503292014555,790.5586422632767,780.5503292014555,788.8023681640625,8378030,HDFC Bank,HDFCBANK.NS
2023-01-04,786.709274515468,791.8818278494382,773.2365774595456,774.7041625976562,10351600,HDFC Bank,HDFCBANK.NS
2023-01-05,777.0860120710504,778.5535973840347,764.7681278994141,769.72412109375,10941436,HDFC Bank,HDFCBANK.NS
2023-01-06,770.8307523930382,774.2470317456477,759.3789361975485,767.1738891601562,9092462,HDFC Bank,HDFCBANK.NS
2023-01-09,767.9437146970364,775.4258965646997,765.0567082508069,768.6654663085938,10729340,HDFC Bank,HDFCBANK.NS
2023-01-10,769.8684118966518,769.8684118966518,753.0275403864125,754.6154174804688,16371766,HDFC Bank,HDFCBANK.NS
2023-01-11,754.4469115539331,768.9060251968651,750.6216516314828,765.48974609375,15195798,HDFC Bank,HDFCBANK.NS
2023-01-12,763.998177755398,771.7449667913606,762.2419037187744,769.5797119140625,9250070,HDFC Bank,HDFCBANK.NS
2023-01-13,769.2669828560861,774.6320153125537,763.1320937043018,770.1812133789062,9244546,HDFC Bank,HDFCBANK.NS
2023-01-16,777.0859473381312,780.1173277789237,760.3894492396894,762.7952880859375,14748094,HDFC Bank,HDFCBANK.NS
2023-01-17,764.960465126677,775.1611973011755,759.0420786732492,774.1507568359375,10786354,HDFC Bank,HDFCBANK.NS
2023-01-18,772.274237215273,789.884965083016,769.724024650822,787.8159790039062,19090642,HDFC Bank,HDFCBANK.NS
2023-01-19,787.6716113274065,793.9267921137573,785.7469403162216,791.087890625,11172162,HDFC Bank,HDFCBANK.NS
2023-01-20,791.0878917418223,803.068980550622,790.7510978089086,799.195556640625,18843404,HDFC Bank,HDFCBANK.NS
2023-01-23,801.7458215030824,809.6129030380878,799.4121694938297,805.0418090820312,15444400,HDFC Bank,HDFCBANK.NS
2023-01-24,805.9800889805086,819.1400156177996,805.9560070977172,815.8199462890625,24983940,HDFC Bank,HDFCBANK.NS
2023-01-25,813.8471429635326,814.5929177332151,791.6653214666925,793.2772216796875,14704142,HDFC Bank,HDFCBANK.NS
2023-01-27,785.2657187620357,787.6715573611841,765.0325926486802,777.4708251953125,35179948,HDFC Bank,HDFCBANK.NS
2023-01-30,767.462506381816,782.0419116590099,761.2073260790175,776.6768798828125,18512822,HDFC Bank,HDFCBANK.NS
2023-01-31,779.3473843212695,780.7908875770869,767.4625643428925,771.552490234375,18596244,HDFC Bank,HDFCBANK.NS
2023-02-01,781.4164646974513,801.1443434244188,772.7554447685386,783.1246337890625,17302790,HDFC Bank,HDFCBANK.NS
2023-02-02,773.7658324138648,781.6569951120864,764.4552483744704,771.4802856445312,17497106,HDFC Bank,HDFCBANK.NS
2023-02-03,775.1611710007219,798.9789723443195,773.2365001850776,798.1610107421875,14411100,HDFC Bank,HDFCBANK.NS
2023-02-06,798.7384939446326,803.2614827057959,792.0983552594887,794.7688598632812,11167672,HDFC Bank,HDFCBANK.NS
2023-02-07,798.449739262286,801.0961617651983,785.5544206626682,795.9476318359375,10264588,HDFC Bank,HDFCBANK.NS
2023-02-08,795.9716713200746,802.6839372708745,793.9267085858384,795.8513793945312,8444826,HDFC Bank,HDFCBANK.NS
2023-02-09,798.738479108453,799.5324176572361,786.9739509076702,794.1914672851562,11777336,HDFC Bank,HDFCBANK.NS
2023-02-10,793.3494214707791,798.0167252205403,790.173667284601,797.3430786132812,8172116,HDFC Bank,HDFCBANK.NS
2023-02-13,796.3326188427218,799.5805011250109,791.3044393965116,797.9445190429688,5736944,HDFC Bank,HDFCBANK.NS
2023-02-14,801.1442476633639,807.1588441172931,797.7519917688305,805.3303833007812,10908592,HDFC Bank,HDFCBANK.NS
2023-02-15,807.3994872360046,807.3994872360046,797.1746725138561,803.6945190429688,11438712,HDFC Bank,HDFCBANK.NS
2023-02-16,805.0899366009373,809.2761316878249,799.2197129563453,800.7835083007812,8062500,HDFC Bank,HDFCBANK.NS
2023-02-17,799.2196910269881,802.6600524376097,790.5345890116744,796.7657470703125,8956270,HDFC Bank,HDFCBANK.NS
2023-02-20,798.7384045852328,803.2854159842882,786.61300169689,789.283447265625,8086706,HDFC Bank,HDFCBANK.NS
2023-02-21,789.1150855033404,799.8691726347396,786.2280790929624,792.24267578125,12389296,HDFC Bank,HDFCBANK.NS
2023-02-22,788.6339729282492,790.0533943514464,774.2230217496752,776.7009887695312,10359102,HDFC Bank,HDFCBANK.NS
2023-02-23,776.1235754720026,778.9383950431011,766.0671578181314,771.4321899414062,27882010,HDFC Bank,HDFCBANK.NS
2023-02-24,778.4812938723913,778.4812938723913,762.7470736219656,764.5514526367188,17061740,HDFC Bank,HDFCBANK.NS
2023-02-27,763.0839740657053,769.3872600713753,758.9459430133319,766.4521484375,14312972,HDFC Bank,HDFCBANK.NS
2023-02-28,766.0191009974646,772.4186559261975,764.4312238388164,769.6759643554688,18993992,HDFC Bank,HDFCBANK.NS
2023-03-01,775.6425042238213,776.1236720304117,767.8235273667264,768.9302368164062,14137256,HDFC Bank,HDFCBANK.NS
2023-03-02,766.9813446479279,772.7312753996731,761.2073320156976,762.3861694335938,17391814,HDFC Bank,HDFCBANK.NS
2023-03-03,767.9436716413649,779.491696778829,764.0943299288768,777.5189208984375,14986234,HDFC Bank,HDFCBANK.NS
2023-03-06,779.4917245287281,788.8504134058667,778.5534709474247,783.0042724609375,27004710,HDFC Bank,HDFCBANK.NS
2023-03-08,779.4917718675084,788.8745431955432,779.4917718675084,784.568115234375,20099774,HDFC Bank,HDFCBANK.NS
2023-03-09,784.27938296168,791.9780672791738,782.859961535162,784.6402587890625,20700166,HDFC Bank,HDFCBANK.NS
2023-03-10,774.8966492145099,776.4845264268987,762.6509523697192,764.4072265625,27387000,HDFC Bank,HDFCBANK.NS
2023-03-13,764.0463022356049,771.6968814107662,753.0034668384583,754.7357177734375,26443550,HDFC Bank,HDFCBANK.NS
2023-03-14,755.5536230150942,761.9772004206781,750.2848599011005,752.7147216796875,33185612,HDFC Bank,HDFCBANK.NS
2023-03-15,759.2827424375032,761.6404762620406,739.3623849761033,741.91259765625,37264754,HDFC Bank,HDFCBANK.NS
2023-03-16,740.5171069124015,750.188566152108,737.1730148168983,746.7241821289062,21753342,HDFC Bank,HDFCBANK.NS
2023-03-17,749.4187927190782,759.8601097073861,740.9983568458301,756.70849609375,22950876,HDFC Bank,HDFCBANK.NS
2023-03-20,754.446900441081,754.5190873460873,743.5966036348024,751.4636840820312,26503114,HDFC Bank,HDFCBANK.NS
2023-03-21,756.3716494546454,761.4479929018443,748.793257108229,759.9804077148438,33050494,HDFC Bank,HDFCBANK.NS
2023-03-22,762.1697342790129,763.156151684689,753.1719206327385,758.2241821289062,14177324,HDFC Bank,HDFCBANK.NS
2023-03-23,754.350750068819,765.225129615806,749.9240302046185,752.1373901367188,28364178,HDFC Bank,HDFCBANK.NS
2023-03-24,750.6216774626521,757.3099208232004,748.1917568712191,750.9344482421875,31477748,HDFC Bank,HDFCBANK.NS
2023-03-27,751.6802291971494,759.9803728144399,750.092410877359,754.2063598632812,31872006,HDFC Bank,HDFCBANK.NS
2023-03-28,753.3643152523856,761.6404357125624,752.5944586072359,760.3412475585938,39276302,HDFC Bank,HDFCBANK.NS
2023-03-29,762.1697080199377,770.8307274292553,761.1592675027767,763.9981689453125,39763612,HDFC Bank,HDFCBANK.NS
2023-03-31,767.7511762682442,776.0994241800914,766.2114631109374,774.4635009765625,34711228,HDFC Bank,HDFCBANK.NS
2023-04-03,773.5012598964762,777.422730170773,771.1916311425683,774.9447631835938,40025398,HDFC Bank,HDFCBANK.NS
2023-04-05,778.8180825386323,796.8137675382653,777.5670581774376,795.7311401367188,43365392,HDFC Bank,HDFCBANK.NS
2023-04-06,793.2290730170381,803.1651395050825,792.531344577113,801.7938232421875,44637344,HDFC Bank,HDFCBANK.NS
2023-04-10,800.3023046039525,804.0313548734133,795.8515026694348,797.99267578125,31813286,HDFC Bank,HDFCBANK.NS
2023-04-11,798.2573101275717,803.2614665555587,794.4560730939902,800.3263549804688,42361542,HDFC Bank,HDFCBANK.NS
2023-04-12,802.5877968377349,812.307361770148,802.4915867834721,810.7195434570312,26955504,HDFC Bank,HDFCBANK.NS
2023-04-13,812.3554958466677,816.5657134519994,807.4716316772242,814.352294921875,35330086,HDFC Bank,HDFCBANK.NS
2023-04-17,827.6085828103118,827.6085828103118,795.5147153318975,801.9382934570312,32405148,HDFC Bank,HDFCBANK.NS
2023-04-18,803.5501156527228,807.0385817236702,797.0062462186185,798.5459594726562,29637226,HDFC Bank,HDFCBANK.NS
2023-04-19,801.1442851788886,803.6944976892919,797.3671301762054,801.4810791015625,24741168,HDFC Bank,HDFCBANK.NS
2023-04-20,804.368086679066,807.134801181368,801.8179329013308,804.46435546875,32922716,HDFC Bank,HDFCBANK.NS
2023-04-21,803.0690219934318,806.8942823364474,800.3023072681698,805.7635498046875,20128618,HDFC Bank,HDFCBANK.NS
2023-04-24,811.7300315452851,813.8712046366431,805.5229555378388,812.2833862304688,35675852,HDFC Bank,HDFCBANK.NS
2023-04-25,812.066755339811,812.066755339811,799.6526631336261,800.7352905273438,50353068,HDFC Bank,HDFCBANK.NS
2023-04-26,798.738456878835,805.955973055451,796.3326181532963,804.416259765625,27392750,HDFC Bank,HDFCBANK.NS
2023-04-27,803.7906953628967,810.8879194015693,801.5532536644629,808.8429565429688,47790392,HDFC Bank,HDFCBANK.NS
2023-04-28,810.6233394768137,813.6547200003124,803.5501965703854,812.0187377929688,27916272,HDFC Bank,HDFCBANK.NS
2023-05-02,812.547950500037,817.5040017864336,809.3241500911014,811.8502807617188,32221184,HDFC Bank,HDFCBANK.NS
2023-05-03,810.7435373497618,816.0604642226169,808.193383640843,814.6891479492188,29407270,HDFC Bank,HDFCBANK.NS
2023-05-04,811.7781309061464,834.5614130090665,811.7781309061464,831.3616943359375,56854638,HDFC Bank,HDFCBANK.NS
2023-05-05,788.6339045566583,799.1955126698393,780.5021582230617,782.2103271484375,62770416,HDFC Bank,HDFCBANK.NS
2023-05-08,786.7093355416769,794.095249360511,784.3034965950662,791.25634765625,37244524,HDFC Bank,HDFCBANK.NS
2023-05-09,793.878651970084,796.8137633850524,789.0909977997552,791.2803344726562,43688938,HDFC Bank,HDFCBANK.NS
2023-05-10,791.2803925786036,796.1642571593527,785.7950682892969,794.937255859375,46340550,HDFC Bank,HDFCBANK.NS
2023-05-11,801.216542964019,812.2112150220032,793.5659634923215,795.466552734375,35734618,HDFC Bank,HDFCBANK.NS
2023-05-12,792.4833249747595,804.8974770572269,791.1601135942614,802.4916381835938,22478760,HDFC Bank,HDFCBANK.NS
2023-05-15,804.5125423272495,808.7227604763904,801.1924728395238,806.3410034179688,18512260,HDFC Bank,HDFCBANK.NS
2023-05-16,813.641207320555,813.641207320555,800.1113205928083,801.7174072265625,32722086,HDFC Bank,HDFCBANK.NS
2023-05-17,803.0314612780545,803.0314612780545,791.0346460503185,797.4102172851562,30466868,HDFC Bank,HDFCBANK.NS
2023-05-18,802.0580796447568,804.953835962047,798.1645938212387,800.5980224609375,49646942,HDFC Bank,HDFCBANK.NS
2023-05-19,802.0580474754112,803.0314188922503,794.0520913358603,801.522705078125,30460332,HDFC Bank,HDFCBANK.NS
2023-05-22,800.5980440930408,804.4428733296279,794.6117857136817,798.6756591796875,28334032,HDFC Bank,HDFCBANK.NS
2023-05-23,802.5447954516952,802.8367950174272,794.9768083346355,796.8018798828125,22470074,HDFC Bank,HDFCBANK.NS
2023-05-24,792.1053367744181,795.6094500592069,785.3160355965606,786.3867797851562,33588112,HDFC Bank,HDFCBANK.NS
2023-05-25,786.3380947431477,788.455225154943,777.407423655138,783.3693237304688,29776930,HDFC Bank,HDFCBANK.NS
2023-05-26,787.9441502650901,787.9441502650901,779.7921647697594,786.3867797851562,26635066,HDFC Bank,HDFCBANK.NS
2023-05-29,792.5676872978805,798.6512587386072,790.7912725552128,795.9744873046875,21816292,HDFC Bank,HDFCBANK.NS
2023-05-30,795.0498137776772,799.4543434930372,792.5920864341458,796.5828857421875,37125928,HDFC Bank,HDFCBANK.NS
2023-05-31,793.2491711514361,795.7068987144811,780.9603551065537,783.977783203125,43334270,HDFC Bank,HDFCBANK.NS
2023-06-01,788.3822359863269,788.3822359863269,778.6971779535536,780.6439208984375,50366938,HDFC Bank,HDFCBANK.NS
2023-06-02,784.7563519232599,785.9001108734474,779.1838242892643,781.860595703125,17859710,HDFC Bank,HDFCBANK.NS
2023-06-05,785.7541986206603,786.7275701890972,779.8896111568738,780.8386840820312,18697242,HDFC Bank,HDFCBANK.NS
2023-06-06,782.4203085516023,783.4909933701617,774.9253365920524,778.4051513671875,32182852,HDFC Bank,HDFCBANK.NS
2023-06-07,780.3761658426776,784.805053262948,776.7503811233141,782.444580078125,24949026,HDFC Bank,HDFCBANK.NS
2023-06-08,780.278861070367,791.350960923385,780.278861070367,782.9312744140625,37395522,HDFC Bank,HDFCBANK.NS
2023-06-09,786.4355374130215,787.7009085166137,782.1040222342899,783.8560791015625,18212578,HDFC Bank,HDFCBANK.NS
2023-06-12,784.8051052341397,786.3868338718737,778.4294745818307,779.0865478515625,13408292,HDFC Bank,HDFCBANK.NS
2023-06-13,773.8789730190645,783.0773452649356,773.8789730190645,780.4005737304688,27926108,HDFC Bank,HDFCBANK.NS
2023-06-14,783.7830313619872,784.5374180278894,778.7945024942541,779.5488891601562,20113968,HDFC Bank,HDFCBANK.NS
2023-06-15,780.6439096325554,781.5929230405386,768.4767664026215,769.961181640625,35377476,HDFC Bank,HDFCBANK.NS
2023-06-16,772.4432977006162,783.1746828103192,770.9102257106925,780.0355834960938,15779272,HDFC Bank,HDFCBANK.NS
2023-06-19,784.0507655809437,785.6324943134937,777.8941787861185,780.7169799804688,24829146,HDFC Bank,HDFCBANK.NS
2023-06-20,780.7169047691681,784.0506900484788,774.146647589991,782.3472900390625,20005626,HDFC Bank,HDFCBANK.NS
2023-06-21,786.4841043269806,796.8261756245972,784.050675786365,796.0231323242188,24308946,HDFC Bank,HDFCBANK.NS
2023-06-22,798.1646301932708,806.7059888717916,797.7023024946114,799.9166870117188,56596140,HDFC Bank,HDFCBANK.NS
2023-06-23,796.9722855006775,807.8497002925832,795.2688853504051,799.8680419921875,21339218,HDFC Bank,HDFCBANK.NS
2023-06-26,800.5979965482512,803.3964393933287,792.6649956756461,795.9988403320312,16130314,HDFC Bank,HDFCBANK.NS
2023-06-27,799.6002755865209,814.1765484676322,797.4589059580019,807.2169189453125,33831864,HDFC Bank,HDFCBANK.NS
2023-06-28,812.7652324615918,817.5834334461853,808.1417176661517,815.7583618164062,59562950,HDFC Bank,HDFCBANK.NS
2023-06-30,829.3124901661796,831.6486054517263,819.2137611926184,828.047119140625,40699016,HDFC Bank,HDFCBANK.NS
2023-07-03,833.449367439012,855.3502267293802,832.2326530339916,837.002197265625,44104116,HDFC Bank,HDFCBANK.NS
2023-07-04,838.778513734139,850.2399866599931,834.0820438772298,841.0902709960938,38795188,HDFC Bank,HDFCBANK.NS
2023-07-05,835.2744057361592,837.0994772709068,812.0595195781218,814.3712768554688,37165754,HDFC Bank,HDFCBANK.NS
2023-07-06,814.2252369257229,821.4525082286525,808.0930085295972,815.1986083984375,52156544,HDFC Bank,HDFCBANK.NS
2023-07-07,810.3317601084606,815.1986175265295,806.0976179186929,808.093017578125,19926336,HDFC Bank,HDFCBANK.NS
2023-07-10,808.3850372058562,816.0503378295722,802.8854644229833,806.1705932617188,38398442,HDFC Bank,HDFCBANK.NS
2023-07-11,809.3583461576029,815.6852604691176,800.8413461228718,802.2527465820312,50670426,HDFC Bank,HDFCBANK.NS
2023-07-12,805.6352319869237,810.9644765133695,791.9107178120092,794.7334594726562,70958358,HDFC Bank,HDFCBANK.NS
2023-07-13,806.2922367876993,806.6572510904781,797.2155953198356,798.699951171875,41913546,HDFC Bank,HDFCBANK.NS
2023-07-14,804.7835035114284,804.7835035114284,795.7311609024043,800.3546752929688,24727214,HDFC Bank,HDFCBANK.NS
2023-07-17,803.0314502823962,818.6053935606003,794.7577929158504,817.0966796875,49252928,HDFC Bank,HDFCBANK.NS
2023-07-18,826.3923403152943,829.3124545920268,812.7651403572094,816.415283203125,81076818,HDFC Bank,HDFCBANK.NS
2023-07-19,818.1673927652148,821.8905505906512,815.1986216073076,820.1141357421875,32935134,HDFC Bank,HDFCBANK.NS
2023-07-20,818.1917641303833,823.4722926593728,817.6320636334198,821.8905639648438,56210948,HDFC Bank,HDFCBANK.NS
2023-07-21,817.6320129512904,822.4015567907909,814.3468843278255,815.5635986328125,42154248,HDFC Bank,HDFCBANK.NS
2023-07-24,816.9019892100436,819.8951183000274,812.813817239081,816.8533325195312,32179444,HDFC Bank,HDFCBANK.NS
2023-07-25,819.8951278192749,826.879056170404,816.8533420034627,825.7109985351562,55992596,HDFC Bank,HDFCBANK.NS
2023-07-26,827.1710534459679,827.1710534459679,821.5255108693627,822.8395385742188,24794358,HDFC Bank,HDFCBANK.NS
2023-07-27,827.3170606790924,828.8257745170246,811.5240735457453,814.2982177734375,59741302,HDFC Bank,HDFCBANK.NS
2023-07-28,808.6283856221597,812.2298721075693,798.6999842928814,799.8680419921875,41015684,HDFC Bank,HDFCBANK.NS
2023-07-31,803.0558374366854,806.3409662159895,797.5319067020986,803.615478515625,34565006,HDFC Bank,HDFCBANK.NS
2023-08-01,805.1972354940766,811.5241504025686,803.0315076162769,808.993408203125,35394188,HDFC Bank,HDFCBANK.NS
2023-08-02,799.1379875966741,803.7615021412346,794.830830666086,798.407958984375,28116322,HDFC Bank,HDFCBANK.NS
2023-08-03,798.1646183703506,803.6884896703888,789.8909607409018,792.6407470703125,57673946,HDFC Bank,HDFCBANK.NS
2023-08-04,795.8042164551875,806.1949453417267,792.9327586465489,804.1021728515625,37388304,HDFC Bank,HDFCBANK.NS
2023-08-07,809.4070457041624,809.4070457041624,801.8391180613743,803.6398315429688,28300918,HDFC Bank,HDFCBANK.NS
2023-08-08,803.8588478451442,805.7569341954113,799.1623777784342,802.9828491210938,43773828,HDFC Bank,HDFCBANK.NS
2023-08-09,804.4914945725491,805.221523152016,793.8330654303563,803.2747802734375,33361236,HDFC Bank,HDFCBANK.NS
2023-08-10,801.5957522263969,805.099865704745,793.7844225264857,796.1448364257812,50781118,HDFC Bank,HDFCBANK.NS
2023-08-11,797.3859527425766,797.3859527425766,786.5814933374278,787.846923828125,28225822,HDFC Bank,HDFCBANK.NS
2023-08-14,784.0507318876311,785.9974748594191,778.8188601509507,784.0020751953125,31304410,HDFC Bank,HDFCBANK.NS
2023-08-16,770.4721710730195,783.3937010320665,769.5961724006356,781.714599609375,34137542,HDFC Bank,HDFCBANK.NS
2023-08-17,777.529087744607,783.5153458133944,775.7770310495571,777.3831176757812,52884040,HDFC Bank,HDFCBANK.NS
2023-08-18,772.6379419530916,776.8964420218484,771.6402124587459,774.1953125,25633366,HDFC Bank,HDFCBANK.NS
2023-08-21,778.9405181779168,778.9405181779168,772.3702607612333,773.5869750976562,21837270,HDFC Bank,HDFCBANK.NS
2023-08-22,776.9207377849476,777.7237811054864,768.963438139342,770.2774658203125,32273570,HDFC Bank,HDFCBANK.NS
2023-08-23,768.9634840803492,774.0980425006611,765.6783552717781,772.1755981445312,36498588,HDFC Bank,HDFCBANK.NS
2023-08-24,775.4364030038525,776.8477441031978,767.0897307917666,768.622802734375,43145792,HDFC Bank,HDFCBANK.NS
2023-08-25,766.3110504597091,767.746749618975,758.4510639302869,759.9597778320312,30069756,HDFC Bank,HDFCBANK.NS
2023-08-28,759.9597651143588,770.2531801549441,759.9597651143588,767.868408203125,28867238,HDFC Bank,HDFCBANK.NS
2023-08-29,773.6842594017068,775.1200179106506,769.669102242421,773.976318359375,35538932,HDFC Bank,HDFCBANK.NS
2023-08-30,780.6195643753474,780.6195643753474,765.8973208258516,768.3307495117188,28084204,HDFC Bank,HDFCBANK.NS
2023-08-31,768.4767470204652,770.4965046276685,760.7384322394234,764.80224609375,100075772,HDFC Bank,HDFCBANK.NS
2023-09-01,764.5833196769412,768.4768057096691,758.9134187598048,766.384033203125,43226776,HDFC Bank,HDFCBANK.NS
2023-09-04,773.830269769566,774.5359402767891,766.4813275172515,771.1778564453125,25073638,HDFC Bank,HDFCBANK.NS
2023-09-05,773.0516417713671,773.0516417713671,764.38861183011,766.4813842773438,38712082,HDFC Bank,HDFCBANK.NS
2023-09-06,767.4060807161218,778.6971658570981,766.4813659496907,776.507080078125,56320910,HDFC Bank,HDFCBANK.NS
2023-09-07,776.5071683013815,785.5108553045627,772.4433538873283,783.977783203125,34208342,HDFC Bank,HDFCBANK.NS
2023-09-08,782.7367500914759,794.7092081887672,782.3960344054848,790.085693359375,34502210,HDFC Bank,HDFCBANK.NS
2023-09-11,792.762427572447,796.4612273788786,790.3776555229446,794.173828125,31573022,HDFC Bank,HDFCBANK.NS
2023-09-12,798.164658821722,799.576059429664,790.888730360441,796.6559448242188,39033340,HDFC Bank,HDFCBANK.NS
2023-09-13,793.9305153592652,803.8102007820438,792.61642814262,800.062744140625,46420094,HDFC Bank,HDFCBANK.NS
2023-09-14,800.2330637010272,803.0315068308923,795.7798770993519,799.5760498046875,23538848,HDFC Bank,HDFCBANK.NS
2023-09-15,803.0314427561306,812.7651572137806,803.0314427561306,808.75,173411202,HDFC Bank,HDFCBANK.NS
2023-09-18,804.8565015861909,805.464858730247,791.399629677695,792.8353881835938,37056288,HDFC Bank,HDFCBANK.NS
2023-09-20,778.2104866731253,778.2104866731253,759.4244292708094,761.0304565429688,115474648,HDFC Bank,HDFCBANK.NS
2023-09-21,755.8229580049356,763.5855718328563,748.0603441770149,755.9932861328125,72841442,HDFC Bank,HDFCBANK.NS
2023-09-22,758.7430770496563,761.3711919566923,741.5874045249608,744.4588623046875,61704250,HDFC Bank,HDFCBANK.NS
2023-09-25,742.195730377536,749.8366724935371,742.195730377536,745.1158447265625,40208754,HDFC Bank,HDFCBANK.NS
2023-09-26,742.1957693327212,749.4960555884529,742.1957693327212,748.3523559570312,27575308,HDFC Bank,HDFCBANK.NS
2023-09-27,741.2223412220462,745.8458554975613,737.3288555163493,743.0960693359375,39338538,HDFC Bank,HDFCBANK.NS
2023-09-28,746.5759362770035,748.3279930851168,738.9592924506106,741.5630493164062,55354188,HDFC Bank,HDFCBANK.NS
2023-09-29,741.5629997895483,747.2815569377753,740.8816873168103,742.8284301757812,32053782,HDFC Bank,HDFCBANK.NS
2023-10-03,743.1690816035621,743.1690816035621,732.9486816600946,733.9464111328125,38971694,HDFC Bank,HDFCBANK.NS
2023-10-04,727.5952007546005,747.0626308751249,724.7967576747751,744.4102172851562,54649430,HDFC Bank,HDFCBANK.NS
2023-10-05,747.0869560565192,755.1172706279191,745.8945403681716,747.4276123046875,48512674,HDFC Bank,HDFCBANK.NS
2023-10-06,751.4428415259151,751.9295273041055,744.5562258825445,746.600341796875,17759356,HDFC Bank,HDFCBANK.NS
2023-10-09,743.6558133244023,744.6291848078113,735.8688414571311,737.937255859375,16454972,HDFC Bank,HDFCBANK.NS
2023-10-10,740.0300286548502,744.1424994102023,737.426212407623,742.1227416992188,33266292,HDFC Bank,HDFCBANK.NS
2023-10-11,744.6778161774354,750.5424029295025,743.8991308991633,749.3013305664062,31333360,HDFC Bank,HDFCBANK.NS
2023-10-12,747.5979272653602,755.3362421435227,745.4078415117224,754.2898559570312,22025336,HDFC Bank,HDFCBANK.NS
2023-10-13,749.4960266639874,753.7788848660191,744.6048112974557,747.4276123046875,39745300,HDFC Bank,HDFCBANK.NS
2023-10-16,745.3592240817852,746.794923276397,740.0056808464606,744.4345092773438,17856084,HDFC Bank,HDFCBANK.NS
2023-10-17,757.1613181665532,757.1613181665532,747.0625893528261,750.0800170898438,32902558,HDFC Bank,HDFCBANK.NS
2023-10-18,750.0800099587005,750.0800099587005,738.8375816778204,739.640625,31216200,HDFC Bank,HDFCBANK.NS
2023-10-19,732.6567520860139,742.8041382598725,731.5860077723223,737.3045654296875,30252364,HDFC Bank,HDFCBANK.NS
2023-10-20,732.46203118805,743.1691173582408,732.46203118805,741.1250610351562,21094010,HDFC Bank,HDFCBANK.NS
2023-10-23,741.4656641644435,744.0207640901824,730.0772068991747,732.9730224609375,22376136,HDFC Bank,HDFCBANK.NS
2023-10-25,740.2490577379119,741.1251158897211,725.8674694399969,728.3252563476562,28311996,HDFC Bank,HDFCBANK.NS
2023-10-26,725.7700665168079,726.1350808000519,710.6828094760561,712.2158813476562,55561798,HDFC Bank,HDFCBANK.NS
2023-10-27,715.1846713831347,719.3215000369331,713.9193003827721,715.0143432617188,31940532,HDFC Bank,HDFCBANK.NS
2023-10-30,712.1429060469561,725.1373914861161,711.4858921827074,722.7769775390625,23310982,HDFC Bank,HDFCBANK.NS
2023-10-31,731.9754116576363,731.9754116576363,717.3748382868058,718.591552734375,32634824,HDFC Bank,HDFCBANK.NS
2023-11-01,711.6562028835086,719.053802155173,711.6562028835086,717.6181030273438,33877466,HDFC Bank,HDFCBANK.NS
2023-11-02,722.7283533192214,725.4051249981815,714.041024388573,718.7131958007812,45225154,HDFC Bank,HDFCBANK.NS
2023-11-03,724.18834838353,725.8430917067044,721.0979059562075,722.1199340820312,18095340,HDFC Bank,HDFCBANK.NS
2023-11-06,729.0552066561768,729.0552066561768,721.7549208752405,727.351806640625,25593730,HDFC Bank,HDFCBANK.NS
2023-11-07,727.1084316790375,727.1084316790375,718.9320882014275,723.8233032226562,41952848,HDFC Bank,HDFCBANK.NS
2023-11-08,722.2172785513859,726.8407930714139,720.7815793854345,725.9161376953125,31399546,HDFC Bank,HDFCBANK.NS
2023-11-09,723.2150058605088,726.4271198457463,721.9982915168673,723.044677734375,22116740,HDFC Bank,HDFCBANK.NS
2023-11-10,720.3435553235623,728.0818705084018,720.3192566823748,725.8917846679688,14015186,HDFC Bank,HDFCBANK.NS
2023-11-13,726.1837249264701,728.0574529993991,723.1662973344708,724.5776977539062,20605914,HDFC Bank,HDFCBANK.NS
2023-11-15,732.0240144584016,735.3577999173147,730.2963157159859,732.1700439453125,41245460,HDFC Bank,HDFCBANK.NS
2023-11-16,734.7494210785321,739.2756221207742,731.8536647558356,734.0924072265625,29713838,HDFC Bank,HDFCBANK.NS
2023-11-17,725.16173850318,733.6787387876133,724.6750527726409,732.5106811523438,23701874,HDFC Bank,HDFCBANK.NS
2023-11-20,736.3554985735485,736.3554985735485,730.7829708116128,732.559326171875,19331452,HDFC Bank,HDFCBANK.NS
2023-11-21,739.2756311878541,740.7356883923068,735.9174877356371,738.7645874023438,24959972,HDFC Bank,HDFCBANK.NS
2023-11-22,739.7623206231069,739.7623206231069,731.7563640092628,736.1365356445312,29123650,HDFC Bank,HDFCBANK.NS
2023-11-23,734.1654789893513,741.6360936254299,734.1654789893513,740.3950805664062,13046220,HDFC Bank,HDFCBANK.NS
2023-11-24,740.3462978210936,746.1622278549652,739.6892839772345,745.6511840820312,16469192,HDFC Bank,HDFCBANK.NS
2023-11-28,747.1599239182611,748.1576534487249,742.5851254924052,743.97216796875,28489338,HDFC Bank,HDFCBANK.NS
2023-11-29,746.5272258063289,760.6897681490088,746.0891967833849,758.8160400390625,34042488,HDFC Bank,HDFCBANK.NS
2023-11-30,763.6828760176745,765.2889031775027,750.5423621524202,758.6456909179688,69491440,HDFC Bank,HDFCBANK.NS
2023-12-01,758.207681074416,762.0281520239192,755.3848801865702,756.990966796875,22153536,HDFC Bank,HDFCBANK.NS
2023-12-04,772.8569470817542,784.5374047202694,765.873018667368,783.2720336914062,50662456,HDFC Bank,HDFCBANK.NS
2023-12-05,796.4612297811876,797.6779441560443,786.7275147823341,790.2316284179688,52230820,HDFC Bank,HDFCBANK.NS
2023-12-06,797.4102062498663,797.4102062498663,786.8004930390686,792.22705078125,38613060,HDFC Bank,HDFCBANK.NS
2023-12-07,790.86431017188,795.2444817359088,786.5814519897668,793.5167236328125,20450386,HDFC Bank,HDFCBANK.NS
2023-12-08,793.5167662504412,805.4649253113081,793.5167662504412,804.5888671875,33728038,HDFC Bank,HDFCBANK.NS
2023-12-11,803.0558607692541,809.6990738547369,801.5714454396721,803.5181884765625,23187620,HDFC Bank,HDFCBANK.NS
2023-12-12,805.0755276490755,806.0732571804058,794.1981132379304,795.5364990234375,36581476,HDFC Bank,HDFCBANK.NS
2023-12-13,794.4901060535459,796.2178641804811,786.0461204150259,793.7357788085938,29346914,HDFC Bank,HDFCBANK.NS
2023-12-14,801.0847344683164,807.3872910879392,800.5980487244109,803.1044921875,35172366,HDFC Bank,HDFCBANK.NS
2023-12-15,803.0314839042278,811.7918273650013,801.3767404796611,806.2192993164062,138837130,HDFC Bank,HDFCBANK.NS
2023-12-18,808.2390318694991,810.1857749432232,803.4938456272962,805.8056030273438,18014754,HDFC Bank,HDFCBANK.NS
2023-12-19,803.0314096384661,807.2412528497581,800.1356534706899,804.4428100585938,24008446,HDFC Bank,HDFCBANK.NS
2023-12-20,806.9249792104754,812.2541644467366,800.3303634873538,806.4382934570312,34232520,HDFC Bank,HDFCBANK.NS
2023-12-21,806.438219443738,822.3771764061897,803.1530909094922,820.8927612304688,36589240,HDFC Bank,HDFCBANK.NS
2023-12-22,819.3840760112807,820.5034769444852,811.3537615362043,813.1788330078125,48578850,HDFC Bank,HDFCBANK.NS
2023-12-26,814.3469167985355,820.5278019503709,812.059517577905,818.8244018554688,18045856,HDFC Bank,HDFCBANK.NS
2023-12-27,818.3620896655261,830.5292334309963,816.9506891067552,828.9718627929688,27009078,HDFC Bank,HDFCBANK.NS
2023-12-28,831.8919383640549,837.7808237889657,828.3391087868577,829.9208374023438,44076470,HDFC Bank,HDFCBANK.NS
2023-12-29,825.9056537355337,834.6173398672829,825.4189680232558,831.8675537109375,25011426,HDFC Bank,HDFCBANK.NS
2024-01-01,830.285869252277,831.8189412093673,823.4722689184366,826.4410400390625,14239686,HDFC Bank,HDFCBANK.NS
2024-01-02,826.7817032735886,828.7284461026671,821.8661301022644,826.9276733398438,29242092,HDFC Bank,HDFCBANK.NS
2024-01-03,828.3390555600513,829.653083176837,812.2540695245034,814.176513671875,28389762,HDFC Bank,HDFCBANK.NS
2024-01-04,816.6586370098769,824.907936188308,813.1058074949292,822.9125366210938,26734056,HDFC Bank,HDFCBANK.NS
2024-01-05,821.1118277236433,829.7504992888211,811.8404409559379,818.7026977539062,31889470,HDFC Bank,HDFCBANK.NS
2024-01-08,816.9020369293803,818.7757651976441,807.8983504931613,809.577392578125,17998470,HDFC Bank,HDFCBANK.NS
2024-01-09,811.3781093874959,816.5613241836867,801.4497088247701,803.2747802734375,25326888,HDFC Bank,HDFCBANK.NS
2024-01-10,799.6246893784266,807.8739890989318,798.8460040583302,805.92724609375,16115824,HDFC Bank,HDFCBANK.NS
2024-01-11,807.8983430417109,809.309743595266,799.6246853117656,802.5447998046875,18314010,HDFC Bank,HDFCBANK.NS
2024-01-12,804.0048258385641,805.95156875827,795.0497965259408,798.7485961914062,19773552,HDFC Bank,HDFCBANK.NS
2024-01-15,801.9120099654888,818.0700109690749,799.9166104629336,814.1278686523438,28320356,HDFC Bank,HDFCBANK.NS
2024-01-16,814.2251937520415,819.4084084513863,806.9735647828543,817.2183227539062,25322500,HDFC Bank,HDFCBANK.NS
2024-01-17,764.0965828252033,777.1397839265529,743.8504686909188,748.279296875,170145236,HDFC Bank,HDFCBANK.NS
2024-01-18,727.1084960821111,737.32889662945,720.3192537681881,723.2880249023438,161070930,HDFC Bank,HDFCBANK.NS
2024-01-19,732.924355486129,735.0171279009493,714.6493418669147,715.744384765625,109600538,HDFC Bank,HDFCBANK.NS
2024-01-23,712.9946289403671,717.7154569857805,693.5271987986505,694.6708984375,115469402,HDFC Bank,HDFCBANK.NS
2024-01-24,671.7480069982282,709.8068089160445,671.7480069982282,708.5657958984375,86004404,HDFC Bank,HDFCBANK.NS
2024-01-25,706.9110553088505,709.27146932584,690.8017687875753,698.3453979492188,98941852,HDFC Bank,HDFCBANK.NS
2024-01-29,704.7452835773879,711.9238979776146,703.6502407027771,707.9573974609375,65645498,HDFC Bank,HDFCBANK.NS
2024-01-30,707.90875580775,712.1185398649957,701.2654836786888,702.9202270507812,41728768,HDFC Bank,HDFCBANK.NS
2024-01-31,700.5841161285045,717.8371016849802,699.2700884068386,711.80224609375,65761040,HDFC Bank,HDFCBANK.NS
2024-02-01,713.0189555223712,717.1800828855794,708.6387839338071,713.651611328125,32690740,HDFC Bank,HDFCBANK.NS
2024-02-02,717.8614898495053,720.7085896391353,701.8252179588541,703.8206176757812,44867754,HDFC Bank,HDFCBANK.NS
2024-02-05,703.7476277670278,706.6190857097415,697.931756543557,703.1879272460938,38605046,HDFC Bank,HDFCBANK.NS
2024-02-06,703.5286059562596,705.5483042801744,697.2259898811583,702.8228759765625,41075740,HDFC Bank,HDFCBANK.NS
2024-02-07,707.1543478186637,707.5437201567751,694.330191039234,695.9362182617188,54837086,HDFC Bank,HDFCBANK.NS
2024-02-08,695.8875630019661,700.3163911601653,681.6033490400813,682.8444213867188,69106124,HDFC Bank,HDFCBANK.NS
2024-02-09,677.5395328507874,688.2709172654594,675.033089526087,683.112060546875,56642124,HDFC Bank,HDFCBANK.NS
2024-02-12,681.18969323455,688.0032934481292,673.2566920790741,676.4931640625,34447812,HDFC Bank,HDFCBANK.NS
2024-02-13,677.4422211445823,683.4771364619307,673.7434212435891,678.658935546875,57580994,HDFC Bank,HDFCBANK.NS
2024-02-14,669.6795681971766,677.2231970540489,663.6203545889955,673.597412109375,91320810,HDFC Bank,HDFCBANK.NS
2024-02-15,674.0597534612269,688.903668609651,673.7433958465795,688.197998046875,41584944,HDFC Bank,HDFCBANK.NS
2024-02-16,692.9918479710976,694.8412181662663,685.4725175238648,691.0451049804688,32175742,HDFC Bank,HDFCBANK.NS
2024-02-19,695.4739454261017,695.4739454261017,688.7576582283627,689.682373046875,34451756,HDFC Bank,HDFCBANK.NS
2024-02-20,688.660276266856,709.22274741334,687.1029057664576,707.7870483398438,56133508,HDFC Bank,HDFCBANK.NS
2024-02-21,712.5079475266035,712.5079475266035,698.3940605878935,700.413818359375,45893136,HDFC Bank,HDFCBANK.NS
2024-02-22,689.9986977762575,695.3765988884213,687.2975681948778,690.874755859375,50560882,HDFC Bank,HDFCBANK.NS
2024-02-23,692.3348761341468,697.8587478235042,690.1204320838871,691.3858032226562,29833452,HDFC Bank,HDFCBANK.NS
2024-02-26,687.9546346452112,698.3210050066913,687.9546346452112,692.213134765625,23506870,HDFC Bank,HDFCBANK.NS
2024-02-27,687.9546948776648,694.3545652339111,687.7113519923358,691.1668090820312,32087150,HDFC Bank,HDFCBANK.NS
2024-02-28,691.1667470533215,693.1377886016653,683.3067606806109,685.9348754882812,25321986,HDFC Bank,HDFCBANK.NS
2024-02-29,682.3820552900959,686.4215706434694,680.0459994144303,683.0147705078125,53295700,HDFC Bank,HDFCBANK.NS
2024-03-01,681.360036052442,697.2989940386686,681.360036052442,696.3256225585938,34738898,HDFC Bank,HDFCBANK.NS
2024-03-04,696.422958130924,699.3674307159147,693.186545384466,697.274658203125,35616474,HDFC Bank,HDFCBANK.NS
2024-03-05,692.067075174591,702.2874750189414,691.8967470591605,701.2410888671875,37991672,HDFC Bank,HDFCBANK.NS
2024-03-06,697.688303532932,707.0813018234176,697.688303532932,702.0927734375,42409530,HDFC Bank,HDFCBANK.NS
2024-03-07,703.504204064998,706.2053335588424,701.5088045068723,703.7962036132812,49348046,HDFC Bank,HDFCBANK.NS
2024-03-11,695.9606385239804,703.7232526512562,692.5538381955413,694.8899536132812,50531094,HDFC Bank,HDFCBANK.NS
2024-03-12,697.9073792005341,712.5079519871562,695.5956218426523,710.3422241210938,65418454,HDFC Bank,HDFCBANK.NS
2024-03-13,713.2379447418698,716.2067158438075,705.7429725398497,710.755859375,63067454,HDFC Bank,HDFCBANK.NS
2024-03-14,711.5832127948388,713.4812990740788,702.9202422173576,708.3467407226562,52432158,HDFC Bank,HDFCBANK.NS
2024-03-15,705.6943406988961,710.2205419583659,701.9225261192986,706.9840698242188,143613804,HDFC Bank,HDFCBANK.NS
2024-03-18,704.2343003680048,708.6144722431341,698.7834435762417,703.77197265625,21437856,HDFC Bank,HDFCBANK.NS
2024-03-19,698.6374048635253,706.8624060469253,698.6374048635253,705.3779907226562,36183594,HDFC Bank,HDFCBANK.NS
2024-03-20,705.2319615530049,706.4973325344582,693.3568181834665,696.4716186523438,43606094,HDFC Bank,HDFCBANK.NS
2024-03-21,702.0928435492851,706.3026871236781,700.0001304926251,703.6259155273438,28922860,HDFC Bank,HDFCBANK.NS
2024-03-22,701.3141208411934,706.0593065998343,699.7323922549797,702.2144775390625,45980326,HDFC Bank,HDFCBANK.NS
2024-03-26,694.5978614753975,699.8297331586394,692.1401341445468,693.7218627929688,56844290,HDFC Bank,HDFCBANK.NS
2024-03-27,692.8215385852401,704.6966236214441,691.7021375713913,701.1681518554688,62168668,HDFC Bank,HDFCBANK.NS
2024-03-28,701.1681292352769,710.8045307526719,701.1681292352769,704.6723022460938,55592142,HDFC Bank,HDFCBANK.NS
2024-04-01,709.5878149173326,717.2774734382766,708.4197572494843,715.67138671875,25199570,HDFC Bank,HDFCBANK.NS
2024-04-02,713.0675733041284,727.5221149937069,712.1428585816917,720.3678588867188,41225446,HDFC Bank,HDFCBANK.NS
2024-04-03,716.450076374618,727.9115494819865,716.109420115624,721.414306640625,45584386,HDFC Bank,HDFCBANK.NS
2024-04-04,731.9754091764817,744.6292393883092,731.9754091764817,743.461181640625,88935066,HDFC Bank,HDFCBANK.NS
2024-04-05,749.0093625181328,756.5529915753328,744.7022055513205,754.1439208984375,59055902,HDFC Bank,HDFCBANK.NS
2024-04-08,756.7720051664586,757.8914061879058,750.2504634550537,752.7081909179688,20482940,HDFC Bank,HDFCBANK.NS
2024-04-09,756.7233110790663,756.7233110790663,749.6420692068525,753.6572265625,21884494,HDFC Bank,HDFCBANK.NS
2024-04-10,754.3142814277871,754.3142814277871,746.0649220391629,747.7196655273438,27807400,HDFC Bank,HDFCBANK.NS
2024-04-12,740.2490112702176,744.5561681914903,736.5745101656407,739.2512817382812,41084208,HDFC Bank,HDFCBANK.NS
2024-04-15,728.8361984614614,734.8954117012732,726.1594270943376,727.4490966796875,23415248,HDFC Bank,HDFCBANK.NS
2024-04-16,723.7016987771374,736.3068713842836,721.3899415012858,734.5304565429688,20744886,HDFC Bank,HDFCBANK.NS
2024-04-18,734.7980983246009,739.2025682918519,725.6727413912242,727.4490966796875,34234884,HDFC Bank,HDFCBANK.NS
2024-04-19,723.4827148610226,747.0382572891224,720.4165709168466,745.2619018554688,34576434,HDFC Bank,HDFCBANK.NS
2024-04-22,757.9643557818745,757.9643557818745,734.0680986992392,735.9661254882812,42298438,HDFC Bank,HDFCBANK.NS
2024-04-23,742.8284142738174,742.9257276507318,731.6102850251966,733.7273559570312,26827060,HDFC Bank,HDFCBANK.NS
2024-04-24,737.3289261268269,740.6140550056098,734.4331696198528,735.7228393554688,22441580,HDFC Bank,HDFCBANK.NS
2024-04-25,733.0704121681982,739.616311752735,733.0704121681982,735.260498046875,35445204,HDFC Bank,HDFCBANK.NS
2024-04-26,739.6650141563123,743.6558134751455,732.729742335618,734.7981567382812,24854694,HDFC Bank,HDFCBANK.NS
2024-04-29,737.3289207914913,746.7949349875348,733.216449914726,744.3858642578125,36093350,HDFC Bank,HDFCBANK.NS
2024-04-30,744.2398024289921,749.2526892649995,737.2802320622603,739.8109741210938,52307382,HDFC Bank,HDFCBANK.NS
2024-05-02,740.7356535814621,748.0359392606487,739.9326102747762,745.7241821289062,33475006,HDFC Bank,HDFCBANK.NS
2024-05-03,746.2108990812835,749.7880273318675,733.5327119903678,739.567626953125,31865242,HDFC Bank,HDFCBANK.NS
2024-05-06,740.7357053714223,746.819277196089,738.3752913854279,741.0520629882812,28793396,HDFC Bank,HDFCBANK.NS
2024-05-07,740.7113274497933,741.7334150168236,732.0483570497901,733.021728515625,28480602,HDFC Bank,HDFCBANK.NS
2024-05-08,728.0574791574124,728.5441648774708,720.465193806477,721.5845947265625,41687862,HDFC Bank,HDFCBANK.NS
2024-05-09,717.83709973452,723.5800151607533,703.4069152466064,704.4776000976562,46281278,HDFC Bank,HDFCBANK.NS
2024-05-10,709.9042250216206,716.2928456267198,703.8856031439476,709.361572265625,27276608,HDFC Bank,HDFCBANK.NS
2024-05-13,706.4509373389452,720.1655815796556,705.6122976051453,717.9208984375,27047202,HDFC Bank,HDFCBANK.NS
2024-05-14,716.4408878596623,722.9775322143812,715.4789152317669,720.7328491210938,25665142,HDFC Bank,HDFCBANK.NS
2024-05-15,720.116199874965,720.116199874965,708.3256213801538,709.6575927734375,38931996,HDFC Bank,HDFCBANK.NS
2024-05-16,713.3822271543565,721.5221990437014,708.1775543730138,720.3875122070312,34945236,HDFC Bank,HDFCBANK.NS
2024-05-17,713.4562165510583,724.210870736283,713.4562165510583,722.286865234375,20920190,HDFC Bank,HDFCBANK.NS
2024-05-21,715.3801590157026,725.0494465734148,715.3801590157026,719.6721801757812,43769978,HDFC Bank,HDFCBANK.NS
2024-05-22,719.203521164468,723.0268413842214,714.4182283327197,719.8695068359375,39996278,HDFC Bank,HDFCBANK.NS
2024-05-23,719.5982164877166,737.8514873644924,718.808897899437,736.3468017578125,40861920,HDFC Bank,HDFCBANK.NS
2024-05-24,733.8308615274302,749.814819731989,733.0908640200075,748.4827880859375,31060206,HDFC Bank,HDFCBANK.NS
2024-05-27,751.5168000055969,762.1974428837648,749.3955099218479,753.6627807617188,29385440,HDFC Bank,HDFCBANK.NS
2024-05-28,754.846722684579,757.7820820455768,752.2321011517142,755.0440673828125,27908904,HDFC Bank,HDFCBANK.NS
2024-05-29,748.8774560751649,751.763434227272,740.6141508121484,744.0921630859375,35147706,HDFC Bank,HDFCBANK.NS
2024-05-30,739.6027730570852,751.6400771573121,738.8381451452329,747.3234252929688,33755350,HDFC Bank,HDFCBANK.NS
2024-05-31,749.370736784836,757.7573743920395,746.9040786650703,755.5620727539062,74079588,HDFC Bank,HDFCBANK.NS
2024-06-03,788.8372786068238,788.8372786068238,764.6640286682782,775.615966796875,72637256,HDFC Bank,HDFCBANK.NS
2024-06-04,768.1174071283333,769.1040704644005,717.3042453208712,731.6848754882812,89531240,HDFC Bank,HDFCBANK.NS
2024-06-05,737.062160780223,769.4000136473305,731.2901444599279,765.5520629882812,81631650,HDFC Bank,HDFCBANK.NS
2024-06-06,772.0147015010076,772.2859977724349,762.9867083301413,769.4493408203125,46422870,HDFC Bank,HDFCBANK.NS
2024-06-07,770.115345809898,781.6099363682906,765.675361251112,776.1832885742188,36712216,HDFC Bank,HDFCBANK.NS
2024-06-10,776.5040577255814,779.784725413951,768.4134061980604,770.23876953125,22454058,HDFC Bank,HDFCBANK.NS
2024-06-11,767.6240504407497,775.0240252200629,765.7493660748642,771.9653930664062,29545326,HDFC Bank,HDFCBANK.NS
2024-06-12,776.9973227739393,783.5586575880445,772.7546827700062,776.5780029296875,39280436,HDFC Bank,HDFCBANK.NS
2024-06-13,780.3273770852536,782.2760131134276,776.5040566032491,779.8340454101562,24120192,HDFC Bank,HDFCBANK.NS
2024-06-14,781.4373401835603,788.8373149959045,778.329326673916,787.8013305664062,25540554,HDFC Bank,HDFCBANK.NS
2024-06-18,787.8012622589033,794.5105601294592,784.1259056214269,793.1785888671875,32415714,HDFC Bank,HDFCBANK.NS
2024-06-19,795.941305047812,823.8145435842582,791.3039754417663,817.869873046875,90131196,HDFC Bank,HDFCBANK.NS
2024-06-20,823.7651872236406,829.5124525875813,814.983860042712,823.5431518554688,41408742,HDFC Bank,HDFCBANK.NS
2024-06-21,825.2698546527171,825.2698546527171,810.6179284522095,821.7672119140625,51630776,HDFC Bank,HDFCBANK.NS
2024-06-24,812.5172157896385,826.3798229097616,811.9005512360641,825.0478515625,28544994,HDFC Bank,HDFCBANK.NS
2024-06-25,824.4065232844747,847.025767804676,824.4065232844747,844.2631225585938,74521548,HDFC Bank,HDFCBANK.NS
2024-06-26,842.5857736709851,844.041138181783,834.2731473521208,839.40380859375,47596666,HDFC Bank,HDFCBANK.NS
2024-06-27,836.7397746618053,845.0770913433391,832.0531241260426,836.7644653320312,55074650,HDFC Bank,HDFCBANK.NS
2024-06-28,837.4798157900913,841.9198007397313,828.3038589383985,830.671875,26476046,HDFC Bank,HDFCBANK.NS
2024-07-01,828.7971320491276,842.2651095333842,828.7971320491276,841.2290649414062,21187024,HDFC Bank,HDFCBANK.NS
2024-07-02,846.0637432263002,855.8810546817267,840.0204307746837,853.7597045898438,45921690,HDFC Bank,HDFCBANK.NS
2024-07-03,883.5569558267186,885.0369507276009,870.5576793248654,872.531005859375,123217802,HDFC Bank,HDFCBANK.NS
2024-07-04,868.1404005851939,868.1404005851939,850.9231133709549,852.0578002929688,45848658,HDFC Bank,HDFCBANK.NS
2024-07-05,831.2638253093144,831.2638253093144,810.1492067263514,813.0598754882812,82242548,HDFC Bank,HDFCBANK.NS
2024-07-08,811.678583484828,816.4391857049037,802.7246020410699,806.7698974609375,39087800,HDFC Bank,HDFCBANK.NS
2024-07-09,801.6639054458949,812.3691778178521,799.369901303005,807.3372192382812,48550878,HDFC Bank,HDFCBANK.NS
2024-07-10,804.1058576798249,809.063864597064,799.5672308205436,802.20654296875,45507182,HDFC Bank,HDFCBANK.NS
2024-07-11,801.1459373403621,802.0832795528332,789.8239996598078,800.1346435546875,44177074,HDFC Bank,HDFCBANK.NS
2024-07-12,800.1839277769812,808.2745787950348,794.8312914757237,800.5292358398438,56049960,HDFC Bank,HDFCBANK.NS
2024-07-15,800.9239527377698,804.031966294815,796.8292758573642,800.2332763671875,33375694,HDFC Bank,HDFCBANK.NS
2024-07-16,799.5672452078501,802.6505679180453,797.6186093434653,799.0739135742188,28950324,HDFC Bank,HDFCBANK.NS
2024-07-18,793.2773395385489,801.1459557272271,788.9113662252444,796.6320190429688,33717064,HDFC Bank,HDFCBANK.NS
2024-07-19,797.2239068544229,800.677228233124,791.0572615353138,792.9319458007812,26002152,HDFC Bank,HDFCBANK.NS
2024-07-22,797.7172520784763,814.4905276323838,795.5712715150735,810.3218994140625,53744822,HDFC Bank,HDFCBANK.NS
2024-07-23,812.7885887086006,812.9119216218081,791.7973027922226,798.407958984375,52002152,HDFC Bank,HDFCBANK.NS
2024-07-24,793.3513220807449,799.6906218755655,783.4353677463822,791.3286743164062,61728206,HDFC Bank,HDFCBANK.NS
2024-07-25,785.8772830890329,801.6638951787058,785.8772830890329,797.5198974609375,25535732,HDFC Bank,HDFCBANK.NS
2024-07-26,791.7972838101718,800.0605887969758,787.5792741911353,798.2846069335938,43810540,HDFC Bank,HDFCBANK.NS
2024-07-29,796.7306475152811,805.0432741154053,788.4920327099303,791.822021484375,51001148,HDFC Bank,HDFCBANK.NS
2024-07-30,790.317345854264,806.4739582617092,788.8373508245744,797.0020141601562,54595834,HDFC Bank,HDFCBANK.NS
2024-07-31,796.2373165488889,803.0946388161857,793.8693004409521,797.1006469726562,37820484,HDFC Bank,HDFCBANK.NS
2024-08-01,800.627938629233,814.0219048337823,798.1859108540549,808.471923828125,26215174,HDFC Bank,HDFCBANK.NS
2024-08-02,804.6239322848401,824.1105327295066,804.6239322848401,818.51123046875,44119238,HDFC Bank,HDFCBANK.NS
2024-08-05,809.1132611105608,812.0239300120638,789.824004829474,797.1006469726562,41333634,HDFC Bank,HDFCBANK.NS
2024-08-06,804.1305829139676,805.5858871810888,786.0253355957136,789.922607421875,45116050,HDFC Bank,HDFCBANK.NS
2024-08-07,797.7172944045706,804.1306059860544,790.4159617464212,800.9239501953125,42346264,HDFC Bank,HDFCBANK.NS
2024-08-08,801.1705962949537,815.6252376687839,798.8272709671206,810.3958740234375,33976950,HDFC Bank,HDFCBANK.NS
2024-08-09,814.9839073123685,820.1885804457108,811.9252750900921,814.0958862304688,26644618,HDFC Bank,HDFCBANK.NS
2024-08-12,814.9838233487179,826.7990913723679,812.6898193077751,818.9797973632812,39316196,HDFC Bank,HDFCBANK.NS
2024-08-13,803.1439511462899,805.3146225179424,789.8980079765901,790.9093017578125,54055042,HDFC Bank,HDFCBANK.NS
2024-08-14,792.5372336839343,796.0891971974215,790.9092152779186,793.1785888671875,32334428,HDFC Bank,HDFCBANK.NS
2024-08-16,803.3905830654421,806.177918901087,794.7572792867222,805.1665649414062,27849246,HDFC Bank,HDFCBANK.NS
2024-08-19,807.9045746403995,807.9045746403995,801.0225621096914,804.895263671875,19502164,HDFC Bank,HDFCBANK.NS
2024-08-20,802.8725499307859,812.0238759013653,802.8725499307859,807.92919921875,31134494,HDFC Bank,HDFCBANK.NS
2024-08-21,803.1932203742449,806.3752455426795,798.1119406824072,802.05859375,47630904,HDFC Bank,HDFCBANK.NS
2024-08-22,805.1172807347715,808.2252943260683,803.1439540663039,804.77197265625,21300638,HDFC Bank,HDFCBANK.NS
2024-08-23,806.1038926835937,806.1038926835937,800.6772446912317,801.6885986328125,20333422,HDFC Bank,HDFCBANK.NS
2024-08-26,805.2159251748899,812.9858989531632,805.2159251748899,809.0392456054688,22364266,HDFC Bank,HDFCBANK.NS
2024-08-27,810.7412543536698,812.714580974844,805.2159036816922,807.9539184570312,35773244,HDFC Bank,HDFCBANK.NS
2024-08-28,807.9539173658313,808.9405806750858,804.2292392849356,807.6332397460938,26921188,HDFC Bank,HDFCBANK.NS
2024-08-29,810.0505418236547,811.2345497877237,804.6979056469421,808.3485717773438,49052604,HDFC Bank,HDFCBANK.NS
2024-08-30,816.9572296027775,819.9172195651064,799.7646332824804,807.5346069335938,445342100,HDFC Bank,HDFCBANK.NS
2024-09-02,812.4185353190471,812.4185353190471,800.7758609185206,802.6258544921875,34049680,HDFC Bank,HDFCBANK.NS
2024-09-03,806.1038818486695,809.0391809529892,801.4665524914798,807.7565307617188,37282860,HDFC Bank,HDFCBANK.NS
2024-09-04,808.5706125582972,811.4319603519671,805.1172908451134,809.9519653320312,24682744,HDFC Bank,HDFCBANK.NS
2024-09-05,812.0238589250097,813.947864316631,810.0505324148638,811.7525024414062,22876318,HDFC Bank,HDFCBANK.NS
2024-09-06,808.2252499925564,812.8872099026286,806.1532209716318,807.5592041015625,26029602,HDFC Bank,HDFCBANK.NS
2024-09-09,808.0772497858858,813.2572321563082,804.1799176724811,812.2705688476562,23792914,HDFC Bank,HDFCBANK.NS
2024-09-10,815.9705945420105,815.9705945420105,808.0772877024264,814.169921875,26606646,HDFC Bank,HDFCBANK.NS
2024-09-11,814.1945707781381,815.2305552034559,808.6692201411954,810.9879150390625,22226684,HDFC Bank,HDFCBANK.NS
2024-09-12,815.970556634334,823.8638631072175,812.541925723635,822.1865234375,32424046,HDFC Bank,HDFCBANK.NS
2024-09-13,825.8371886289187,825.8371886289187,817.4752411837702,821.8658447265625,23860532,HDFC Bank,HDFCBANK.NS
2024-09-16,822.383822656841,827.7118283198007,820.9285184448568,824.3324584960938,15172820,HDFC Bank,HDFCBANK.NS
2024-09-17,827.8104775064535,827.8104775064535,820.9778464556504,823.2718505859375,20127122,HDFC Bank,HDFCBANK.NS
2024-09-18,824.7765131575844,838.1211584780381,824.4065144173259,836.0985107421875,40917342,HDFC Bank,HDFCBANK.NS
2024-09-19,838.2691083056365,848.0370989791965,838.2444778560398,842.8571166992188,30651776,HDFC Bank,HDFCBANK.NS
2024-09-20,846.8037464482039,860.8390072921377,842.3884524296358,858.989013671875,60623386,HDFC Bank,HDFCBANK.NS
2024-09-23,862.8370332933276,871.3963251528371,858.5203814686755,868.1650390625,26965350,HDFC Bank,HDFCBANK.NS
2024-09-24,870.7303607683197,878.9443447710721,865.4270455398441,872.2350463867188,33039036,HDFC Bank,HDFCBANK.NS
2024-09-25,868.3377295053485,882.0770041306025,868.3377295053485,877.6863403320312,31965312,HDFC Bank,HDFCBANK.NS
2024-09-26,874.7016745924757,882.0769584056752,872.2350164313859,879.832275390625,31899644,HDFC Bank,HDFCBANK.NS
2024-09-27,876.6503703689774,877.2423442796407,863.3304153886946,864.6377563476562,35613502,HDFC Bank,HDFCBANK.NS
2024-09-30,862.738402689165,864.0456833682003,850.701098537286,854.47509765625,26383534,HDFC Bank,HDFCBANK.NS
2024-10-01,850.5037447767241,859.3837142697525,848.5797393423385,851.5890502929688,24572284,HDFC Bank,HDFCBANK.NS
2024-10-03,846.3844351066934,851.5644172954591,825.5164827720641,829.7838134765625,48473398,HDFC Bank,HDFCBANK.NS
2024-10-04,826.083866681385,834.0511850540141,815.4772359655595,817.771240234375,48683232,HDFC Bank,HDFCBANK.NS
2024-10-07,815.0824984433904,818.4371776300311,795.7439225540929,798.1119384765625,94458296,HDFC Bank,HDFCBANK.NS
2024-10-08,804.1305430330278,817.351854577489,800.1838900610866,814.5151977539062,29734406,HDFC Bank,HDFCBANK.NS
2024-10-09,813.750592132383,817.3272467507278,803.4892692768091,805.6846313476562,41125642,HDFC Bank,HDFCBANK.NS
2024-10-10,808.5705299330368,821.6191272702827,805.363874384187,820.114501953125,21754766,HDFC Bank,HDFCBANK.NS
2024-10-11,821.1258875682706,821.1258875682706,810.6672800804614,814.4906005859375,23672594,HDFC Bank,HDFCBANK.NS
2024-10-14,816.9819085005773,834.741848018609,815.9705545228965,832.7931518554688,18527508,HDFC Bank,HDFCBANK.NS
2024-10-15,835.7038196244212,837.6771462351046,826.5771840500105,830.81982421875,19651130,HDFC Bank,HDFCBANK.NS
2024-10-16,828.8465156450762,842.585790426718,828.8465156450762,838.565185546875,20470682,HDFC Bank,HDFCBANK.NS
2024-10-17,836.1724403142362,837.5044718768119,821.4958240034423,825.4178466796875,14695732,HDFC Bank,HDFCBANK.NS
2024-10-18,820.4598702584595,834.2238355924767,816.0198853262701,829.7098388671875,24809724,HDFC Bank,HDFCBANK.NS
2024-10-21,846.063768270474,862.4177242903107,844.1151323678729,852.8223876953125,46548354,HDFC Bank,HDFCBANK.NS
2024-10-22,853.4884373802005,858.3970631644344,843.9424218629189,845.841796875,38875280,HDFC Bank,HDFCBANK.NS
2024-10-23,841.1551854708522,861.603759041874,841.1551854708522,856.3251342773438,38036090,HDFC Bank,HDFCBANK.NS
2024-10-24,857.4597103207274,872.5310159915173,857.4597103207274,863.15771484375,30832258,HDFC Bank,HDFCBANK.NS
2024-10-25,865.7970368926951,867.2030200365818,852.8223905419693,860.0744018554688,26130478,HDFC Bank,HDFCBANK.NS
2024-10-28,859.383716444917,863.8237012026692,852.9210840084185,855.5357055664062,22012142,HDFC Bank,HDFCBANK.NS
2024-10-29,851.5644426318723,870.2370336046123,851.0464203091243,864.2430419921875,35794926,HDFC Bank,HDFCBANK.NS
2024-10-30,859.3837596235229,865.6737383463702,850.6024319063034,855.7330932617188,32715724,HDFC Bank,HDFCBANK.NS
2024-10-31,852.4770662952162,857.8543931673494,848.234426273393,856.2756958007812,22895912,HDFC Bank,HDFCBANK.NS
2024-11-01,854.9437742666823,860.419743696405,851.5397737386437,857.0651245117188,1759692,HDFC Bank,HDFCBANK.NS
2024-11-04,860.8637106769045,860.8637106769045,844.0411138190809,845.6197509765625,28089248,HDFC Bank,HDFCBANK.NS
2024-11-05,840.1437747820238,869.5956493162819,837.6277954866241,867.2030029296875,44232406,HDFC Bank,HDFCBANK.NS
2024-11-06,873.9370497603172,873.9370497603172,861.0364145993881,865.92041015625,27787910,HDFC Bank,HDFCBANK.NS
2024-11-07,860.5184217555121,868.7323455565536,857.4104082699865,861.62841796875,18895456,HDFC Bank,HDFCBANK.NS
2024-11-08,864.3170573375987,869.1517316326272,861.2830556229201,865.5256958007812,19902986,HDFC Bank,HDFCBANK.NS
2024-11-11,865.5750573030832,879.5116762015548,863.9223481240455,871.3717041015625,24565362,HDFC Bank,HDFCBANK.NS
2024-11-12,874.1836611915717,875.6636561032956,842.9311140165652,847.6423950195312,31395406,HDFC Bank,HDFCBANK.NS
2024-11-13,846.9270867373347,853.1677439816382,825.3438276461692,829.463134765625,35728500,HDFC Bank,HDFCBANK.NS
2024-11-14,825.39317914741,841.05645917869,824.8998474928816,835.087158203125,27146470,HDFC Bank,HDFCBANK.NS
2024-11-18,838.6637692715708,847.987749103584,836.1971111266544,841.1797485351562,27081968,HDFC Bank,HDFCBANK.NS
2024-11-19,845.5704607570133,865.1803941380466,839.9957889401087,859.507080078125,50981272,HDFC Bank,HDFCBANK.NS
2024-11-21,863.0343691875372,867.7703408111802,855.5356922473849,858.989013671875,35716512,HDFC Bank,HDFCBANK.NS
2024-11-22,860.1484352390544,865.4517505554312,853.2417920363309,861.1597290039062,24773612,HDFC Bank,HDFCBANK.NS
2024-11-25,880.6216480727867,889.7482832055338,870.6810037082952,880.8929443359375,427737274,HDFC Bank,HDFCBANK.NS
2024-11-26,892.9302818593218,892.9302818593218,873.0983737208503,880.8683471679688,30935566,HDFC Bank,HDFCBANK.NS
2024-11-27,883.0143007972586,896.5562300169572,880.6709755435701,894.06494140625,32714976,HDFC Bank,HDFCBANK.NS
2024-11-28,897.3702251985009,905.8061839354122,882.07694483503,884.6176147460938,35722392,HDFC Bank,HDFCBANK.NS
2024-11-29,888.6383310231244,890.2662893460416,879.561016559754,886.04833984375,27669536,HDFC Bank,HDFCBANK.NS
2024-12-02,889.7236388960249,892.0176431336934,875.6636867426915,890.3156127929688,15110876,HDFC Bank,HDFCBANK.NS
2024-12-03,899.1955156163089,906.4475265301775,895.9395389832724,900.9715576171875,43410242,HDFC Bank,HDFCBANK.NS
2024-12-04,906.7435619082082,920.0635162996781,903.3642521901575,917.6461791992188,44669084,HDFC Bank,HDFCBANK.NS
2024-12-05,917.596875706611,927.4388181075851,905.3622266087298,920.4335327148438,39682714,HDFC Bank,HDFCBANK.NS
2024-12-06,916.1168429341786,919.6688066050771,909.7035317020062,915.5494995117188,17783156,HDFC Bank,HDFCBANK.NS
2024-12-09,914.4641912323508,927.4634676846591,912.1701871004972,922.5301513671875,26947912,HDFC Bank,HDFCBANK.NS
2024-12-10,926.3288062229569,926.3288062229569,916.881553393078,921.5928344726562,13325480,HDFC Bank,HDFCBANK.NS
2024-12-11,918.4354833328279,923.4675021564423,915.9935158212785,919.1261596679688,14045426,HDFC Bank,HDFCBANK.NS
2024-12-12,913.1568815747593,921.864197216933,912.0221946944998,917.2268676757812,17293790,HDFC Bank,HDFCBANK.NS
2024-12-13,918.8301759997277,924.9968214762359,902.4268990322158,923.3934936523438,19009002,HDFC Bank,HDFCBANK.NS
2024-12-16,920.1128492893367,922.5054957499956,915.2535445762154,920.1621704101562,13107082,HDFC Bank,HDFCBANK.NS
2024-12-17,915.7962178924912,918.7562078618506,901.0702798391582,904.4002685546875,21079532,HDFC Bank,HDFCBANK.NS
2024-12-18,902.7228866518356,905.7568882727958,891.5242825465077,893.2755737304688,23422312,HDFC Bank,HDFCBANK.NS
2024-12-19,887.7995941182149,888.5395915672278,877.6369745293333,884.790283203125,25380770,HDFC Bank,HDFCBANK.NS
2024-12-20,879.2156362475025,886.7883251977108,871.7417099804251,873.93701171875,25692348,HDFC Bank,HDFCBANK.NS
2024-12-23,879.1169941259847,890.956953642833,878.7716860618692,888.4902954101562,11044592,HDFC Bank,HDFCBANK.NS
2024-12-24,889.0083275055933,892.2889348142179,882.8416818560752,887.0596313476562,14485834,HDFC Bank,HDFCBANK.NS
2024-12-26,887.2816657547127,893.916952377888,878.5003382709294,883.4336547851562,10481678,HDFC Bank,HDFCBANK.NS
2024-12-27,885.4316968356189,890.9322967259654,882.6196702111419,887.1336669921875,7259330,HDFC Bank,HDFCBANK.NS
2024-12-30,884.1489668763874,895.3969526845203,873.6903598921683,877.0943603515625,22222218,HDFC Bank,HDFCBANK.NS
2024-12-31,873.3450677348718,879.0183818635131,871.0263727843891,874.60302734375,14117236,HDFC Bank,HDFCBANK.NS
,HDFCBANK.NS,HDFCBANK.NS,HDFCBANK.NS,HDFCBANK.NS,HDFCBANK.NS,,
