Date,Close,High,Low,Open,Volume,Company,Ticker
,WIPRO.NS,WIPRO.NS,WIPRO.NS,WIPRO.NS,WIPRO.NS,,
2023-01-02,183.37893676757812,183.77551028328767,182.18923045853936,183.35561477645572,5559512,Wipro,WIPRO.NS
2023-01-03,185.24514770507812,185.57174100232933,182.74909670871764,183.3789328364186,5994422,Wipro,WIPRO.NS
2023-01-04,181.8159942626953,185.45510766118835,181.30278231211557,185.45510766118835,8926522,Wipro,WIPRO.NS
2023-01-05,180.50962829589844,182.9823715119509,179.03998695095473,181.95594765048168,9568980,Wipro,WIPRO.NS
2023-01-06,178.22349548339844,181.39605462922913,177.94356044392217,180.55626374888794,8484754,Wipro,WIPRO.NS
2023-01-09,182.7957305908203,183.35560071572212,179.6698294013699,180.0897248760019,7347432,Wipro,WIPRO.NS
2023-01-10,183.37893676757812,183.77551028328767,180.71958906558265,182.88906104928918,7879496,Wipro,WIPRO.NS
2023-01-11,183.75216674804688,184.75525429622948,182.65576277013596,183.3555932788338,7656600,Wipro,WIPRO.NS
2023-01-12,184.05543518066406,185.6417149176198,182.18922037528344,184.6386273073455,9510500,Wipro,WIPRO.NS
2023-01-13,183.77549743652344,185.0351981070501,180.32300294445437,184.755263042701,13621860,Wipro,WIPRO.NS
2023-01-16,185.9683074951172,187.08803352646075,181.48938913165395,181.9559428312212,23867444,Wipro,WIPRO.NS
2023-01-17,184.91856384277344,187.57791141868466,183.7055213620349,186.6448040085918,14310032,Wipro,WIPRO.NS
2023-01-18,188.1144561767578,188.41771323195002,185.6883712590423,185.9216481073577,16080426,Wipro,WIPRO.NS
2023-01-19,188.207763671875,188.48769874535228,186.03829176908224,187.60124954441525,9447456,Wipro,WIPRO.NS
2023-01-20,188.09112548828125,189.14087133661505,187.22799827647782,188.27774412481162,9265614,Wipro,WIPRO.NS
2023-01-23,189.88735961914062,190.23727490099407,187.7878679280199,189.04756863792804,8815290,Wipro,WIPRO.NS
2023-01-24,190.16798400878906,191.85171714417572,189.48980915866605,191.00984343990316,9552640,Wipro,WIPRO.NS
2023-01-25,187.8060760498047,189.84058632730262,187.0811423325295,189.41965661168612,6355554,Wipro,WIPRO.NS
2023-01-27,186.1691131591797,188.76487253257056,184.36846861075864,187.80607312913207,7410134,Wipro,WIPRO.NS
2023-01-30,188.1334686279297,189.32610516851412,184.76600244850837,186.1691109777409,7261256,Wipro,WIPRO.NS
2023-01-31,186.5432891845703,188.27378120841684,186.00543374841746,188.15685549302887,9566846,Wipro,WIPRO.NS
2023-02-01,188.20362854003906,188.9051828320172,186.30943766096152,187.7826988194839,7029896,Wipro,WIPRO.NS
2023-02-02,191.50094604492188,191.75817691444598,188.2036322438391,188.2036322438391,10835460,Wipro,WIPRO.NS
2023-02-03,190.77598571777344,193.1612730581105,189.9575057471882,192.95080107069683,8850236,Wipro,WIPRO.NS
2023-02-06,189.25595092773438,189.98089889200642,187.82946297819063,189.60672805694918,5958022,Wipro,WIPRO.NS
2023-02-07,187.3149871826172,189.6535013796536,186.63681235621345,189.6535013796536,6683580,Wipro,WIPRO.NS
2023-02-08,190.23814392089844,190.63569421826597,187.54885239650957,187.54885239650957,8300976,Wipro,WIPRO.NS
2023-02-09,190.9630584716797,191.26707672762333,188.7414700443971,190.23812479940838,5277374,Wipro,WIPRO.NS
2023-02-10,189.7938232421875,190.3550724081829,188.39071460035814,190.3550724081829,5160140,Wipro,WIPRO.NS
2023-02-13,187.3617706298828,189.72366438957843,186.70698947331798,189.72366438957843,4825356,Wipro,WIPRO.NS
2023-02-14,189.4664306640625,190.0978323771063,187.78269752033194,188.48425180745647,4638822,Wipro,WIPRO.NS
2023-02-15,190.54214477539062,190.75261677437803,187.24484527897997,188.34394986883643,5227672,Wipro,WIPRO.NS
2023-02-16,191.71141052246094,193.27821804850842,191.0800087703929,191.19693449214034,11189362,Wipro,WIPRO.NS
2023-02-17,190.02764892578125,190.82274942431212,188.95193815544633,190.28489403914466,5616244,Wipro,WIPRO.NS
2023-02-20,190.37844848632812,190.72922564060082,188.11010097389197,189.55996845969187,6497188,Wipro,WIPRO.NS
2023-02-21,188.36734008789062,190.82278027525606,188.06333606218206,190.54215568492523,5761172,Wipro,WIPRO.NS
2023-02-22,184.81277465820312,187.24483513924093,184.48539123358978,186.84728486999234,6883372,Wipro,WIPRO.NS
2023-02-23,184.2515411376953,186.4731296471129,183.99429600955213,185.11677998073148,6078322,Wipro,WIPRO.NS
2023-02-24,183.947509765625,185.44416446934406,183.59673265754932,185.18693363268474,5106634,Wipro,WIPRO.NS
2023-02-27,182.56781005859375,183.94752489998044,180.27606895191013,183.69029404215735,5554710,Wipro,WIPRO.NS
2023-02-28,181.02439880371094,183.9007830106504,180.39301131746527,183.26938125124516,10061602,Wipro,WIPRO.NS
2023-03-01,182.84844970703125,183.22260630803277,181.14132274791834,181.51549362207928,4542612,Wipro,WIPRO.NS
2023-03-02,181.49209594726562,182.5678211296639,181.14131878905818,181.79611423623936,4438972,Wipro,WIPRO.NS
2023-03-03,182.6145782470703,183.08228108363787,181.9831765630725,182.68473081792388,4393936,Wipro,WIPRO.NS
2023-03-06,184.15798950195312,185.51432485571692,183.38628268629077,183.5499815315907,6727722,Wipro,WIPRO.NS
2023-03-08,183.62014770507812,183.8072259964988,181.86626196083674,183.17582427394015,4908842,Wipro,WIPRO.NS
2023-03-09,182.45089721679688,184.20478302520016,182.21704577567644,183.71368643495168,4157054,Wipro,WIPRO.NS
2023-03-10,181.98316955566406,182.35732610124776,180.81391250926833,181.42192046413118,4567396,Wipro,WIPRO.NS
2023-03-13,180.2760772705078,183.62014994230722,179.48097668083406,181.9364167526891,5982520,Wipro,WIPRO.NS
2023-03-14,177.4698486328125,181.07115194271225,176.4876698126006,180.79052738362913,8094852,Wipro,WIPRO.NS
2023-03-15,175.7393341064453,179.4575772239484,175.34178385596428,179.4575772239484,7687926,Wipro,WIPRO.NS
2023-03-16,174.38302612304688,176.18368511173645,173.05007002632033,175.55228335295445,7686620,Wipro,WIPRO.NS
2023-03-17,176.0901336669922,176.95538684641534,174.8507238942202,176.41753139104173,9044282,Wipro,WIPRO.NS
2023-03-20,171.71710205078125,175.83289577923483,170.7816963315634,175.38857235334294,8184754,Wipro,WIPRO.NS
2023-03-21,171.36631774902344,173.1669765379456,170.9220086148465,172.58234798785128,7211152,Wipro,WIPRO.NS
2023-03-22,171.36631774902344,173.05005082792675,171.10908689624512,172.04449257639607,5374846,Wipro,WIPRO.NS
2023-03-23,169.0745849609375,170.6647718403782,168.53672952316236,170.6647718403782,9485192,Wipro,WIPRO.NS
2023-03-24,169.19151306152344,171.57680055088574,168.8407359093572,169.93984050744322,7906696,Wipro,WIPRO.NS
2023-03-27,168.95765686035156,170.24383971534385,167.99887171407522,169.19150828853196,6227714,Wipro,WIPRO.NS
2023-03-28,166.5957794189453,170.2672357814983,166.2216085334106,169.7761534436113,7813096,Wipro,WIPRO.NS
2023-03-29,167.9287109375,168.72381153131866,166.03452001002947,167.43762862983252,8823840,Wipro,WIPRO.NS
2023-03-31,170.8284912109375,171.06234267050073,168.98105897112387,169.93985851922932,7914212,Wipro,WIPRO.NS
2023-04-03,172.0912628173828,172.30172052797835,170.7816863233272,172.0912628173828,4053500,Wipro,WIPRO.NS
2023-04-05,172.9331512451172,173.93870964857035,171.7405145320011,172.90977180884437,6443110,Wipro,WIPRO.NS
2023-04-06,171.48326110839844,173.26054064750073,171.10910450709238,172.58236575032916,6429614,Wipro,WIPRO.NS
2023-04-10,174.59347534179688,175.10795135248588,171.92757755157743,172.11465584460282,5624940,Wipro,WIPRO.NS
2023-04-11,173.16697692871094,175.3184128525446,172.39527009547658,174.6870111623863,6784354,Wipro,WIPRO.NS
2023-04-12,174.0556182861328,174.66364057428706,172.74605597391533,173.33068455493364,5578210,Wipro,WIPRO.NS
2023-04-13,172.2549591064453,173.00328654349664,171.17924822848062,173.00328654349664,6724634,Wipro,WIPRO.NS
2023-04-17,169.00442504882812,169.28504960905408,164.63140061535125,168.3496439237396,13603290,Wipro,WIPRO.NS
2023-04-18,172.06788635253906,172.53558923160176,168.02225930327845,169.9866171046055,8024898,Wipro,WIPRO.NS
2023-04-19,168.7471923828125,172.06788566553118,168.5601140865662,172.06788566553118,7475944,Wipro,WIPRO.NS
2023-04-20,169.70599365234375,170.10354395682555,167.9053347013327,168.6068890245973,4423266,Wipro,WIPRO.NS
2023-04-21,172.13803100585938,172.4420492817828,170.08014128734465,170.29061328249801,5299988,Wipro,WIPRO.NS
2023-04-24,176.76829528808594,177.07229928151952,173.30728283004822,175.38856619145,17779044,Wipro,WIPRO.NS
2023-04-25,175.69256591796875,177.2126001213787,174.96763223791322,176.88521670300042,7528552,Wipro,WIPRO.NS
2023-04-26,175.1781005859375,176.62798230724957,174.64024515131683,176.62798230724957,7008146,Wipro,WIPRO.NS
2023-04-27,175.1079559326172,176.13690798090852,174.0088513067513,176.04336169536958,8491700,Wipro,WIPRO.NS
2023-04-28,180.06561279296875,181.4687214640828,177.727098341112,177.727098341112,27709406,Wipro,WIPRO.NS
2023-05-02,181.63241577148438,183.40968100102344,181.21148603534715,181.93641978796356,9746608,Wipro,WIPRO.NS
2023-05-03,180.11236572265625,181.63239994576995,178.68586350322406,181.63239994576995,4828488,Wipro,WIPRO.NS
2023-05-04,179.4575958251953,180.60345928575674,179.15357754303693,179.94867812641323,6253358,Wipro,WIPRO.NS
2023-05-05,177.44647216796875,179.78498659894663,177.2593938681224,179.0132796913558,7902194,Wipro,WIPRO.NS
2023-05-08,177.89080810546875,179.1302179862507,177.54003091620064,178.19481214820237,9613544,Wipro,WIPRO.NS
2023-05-09,178.8028106689453,179.34068041557904,177.7504791574335,178.8963569570102,5716698,Wipro,WIPRO.NS
2023-05-10,179.48097229003906,179.85512886828582,178.66249228611053,179.597898004886,3670402,Wipro,WIPRO.NS
2023-05-11,179.9019012451172,180.93085324066539,179.1769675254072,180.39299780928457,4049964,Wipro,WIPRO.NS
2023-05-12,179.24710083007812,180.1825064443251,178.45200034870538,179.8785024743262,4580358,Wipro,WIPRO.NS
2023-05-15,180.4163818359375,181.00101042257373,178.89634751068334,179.24712466266507,5089694,Wipro,WIPRO.NS
2023-05-16,180.97763061523438,181.84286950314498,180.76715861521575,181.23486148356042,4059352,Wipro,WIPRO.NS
2023-05-17,178.8028106689453,181.16471884756763,178.3585014835361,180.6268633740935,5376102,Wipro,WIPRO.NS
2023-05-18,178.943115234375,180.22929808603286,178.7794163804414,180.15914551239229,4237016,Wipro,WIPRO.NS
2023-05-19,180.62686157226562,181.56226735094506,179.36405806178456,179.97206610866243,7281582,Wipro,WIPRO.NS
2023-05-22,185.09341430664062,185.49096460829873,180.25268665586546,180.76716267723717,12197390,Wipro,WIPRO.NS
2023-05-23,185.9820556640625,188.06333928206072,185.23372816808788,185.678051633149,12725634,Wipro,WIPRO.NS
2023-05-24,186.94082641601562,187.29160353768205,183.97091059794184,184.50876599653213,8256974,Wipro,WIPRO.NS
2023-05-25,184.32171630859375,186.61345767097376,183.64354139225486,186.61345767097376,13605054,Wipro,WIPRO.NS
2023-05-26,187.87625122070312,188.27378724724613,184.74263623853273,184.8127888153839,7926180,Wipro,WIPRO.NS
2023-05-29,186.98757934570312,189.8873425020415,186.77712164327744,188.95193687395263,7959308,Wipro,WIPRO.NS
2023-05-30,188.25039672851562,188.88179842931743,186.82390874828332,187.08113960597825,7378972,Wipro,WIPRO.NS
2023-05-31,188.7882537841797,189.32610921057025,187.31499265166343,187.89962121799198,11783582,Wipro,WIPRO.NS
2023-06-01,190.4252166748047,190.82276696060433,188.97533495356055,189.41965838001164,7065484,Wipro,WIPRO.NS
2023-06-02,189.3962860107422,191.6646335487828,188.95196256771783,191.15017180190293,6320754,Wipro,WIPRO.NS
2023-06-05,189.0454864501953,191.64123140424797,188.8116350390858,191.2436811507303,7252860,Wipro,WIPRO.NS
2023-06-06,187.05776977539062,188.64795668904193,184.99986571555587,188.64795668904193,13707400,Wipro,WIPRO.NS
2023-06-07,188.3907012939453,188.76487213590022,187.54884187757358,188.20362300954693,8215860,Wipro,WIPRO.NS
2023-06-08,186.8706817626953,189.30274247096838,186.49652516441913,188.9987384507241,10615052,Wipro,WIPRO.NS
2023-06-09,185.81834411621094,187.24484643033955,185.23371553004972,186.82391670293526,12018232,Wipro,WIPRO.NS
2023-06-12,185.02325439453125,186.9875978439515,184.55555153421807,186.9875978439515,11973622,Wipro,WIPRO.NS
2023-06-13,184.99986267089844,186.37959183287708,184.5087803715684,186.12236096621064,13016186,Wipro,WIPRO.NS
2023-06-14,185.42080688476562,185.74819032698173,183.66692113774045,185.35064003635762,18512564,Wipro,WIPRO.NS
2023-06-15,181.9130401611328,185.88851462530786,181.5856424371724,185.72481576332765,28702320,Wipro,WIPRO.NS
2023-06-16,178.3350830078125,181.77270165596752,177.32952477998478,180.32282003127847,41110648,Wipro,WIPRO.NS
2023-06-19,177.7972412109375,178.66249436550692,176.3707531824659,178.66249436550692,10629440,Wipro,WIPRO.NS
2023-06-20,178.89634704589844,180.0422247819919,178.00771445115188,178.5689493289692,11802658,Wipro,WIPRO.NS
2023-06-21,180.2994384765625,181.1179184177661,179.1769545546862,179.71480994713136,8829264,Wipro,WIPRO.NS
2023-06-22,178.8028106689453,180.5333170860286,178.4754272070374,180.5333170860286,9356174,Wipro,WIPRO.NS
2023-06-23,177.70370483398438,179.1301928273935,176.83845170068253,178.80279512079548,6470406,Wipro,WIPRO.NS
2023-06-26,178.1480255126953,178.61572839630605,177.2827723233836,177.72709577207752,4100400,Wipro,WIPRO.NS
2023-06-27,178.943115234375,179.71482209073804,178.42863923908018,179.71482209073804,5880750,Wipro,WIPRO.NS
2023-06-28,178.52218627929688,179.48097142716887,178.1012422893448,179.48097142716887,7140112,Wipro,WIPRO.NS
2023-06-30,182.00657653808594,182.28720112633115,179.13020662318112,180.06561240189222,9070810,Wipro,WIPRO.NS
2023-07-03,183.15245056152344,184.22816147566593,182.1702716594338,184.22816147566593,9036924,Wipro,WIPRO.NS
2023-07-04,185.1869659423828,185.84174713706614,183.80723670063333,184.15801386990933,12617234,Wipro,WIPRO.NS
2023-07-05,184.22816467285156,184.9297190046394,183.2693794620053,184.32171095968704,12366958,Wipro,WIPRO.NS
2023-07-06,185.3038787841797,185.65465592907162,183.877376497724,184.5087782131612,9037242,Wipro,WIPRO.NS
2023-07-07,185.1401824951172,185.88850993589213,183.9007727539493,184.74263220409688,9065220,Wipro,WIPRO.NS
2023-07-10,182.3807373046875,185.1401813443063,182.2404178817626,185.1401813443063,5630400,Wipro,WIPRO.NS
2023-07-11,183.3629150390625,183.71369221177324,181.3985714357782,182.40412980958368,9634838,Wipro,WIPRO.NS
2023-07-12,183.26937866210938,184.2515575769574,182.56782433338353,184.22816386877093,6848220,Wipro,WIPRO.NS
2023-07-13,184.4152374267578,186.426368347957,182.9887493709571,183.26937394986382,13595726,Wipro,WIPRO.NS
2023-07-14,189.4430389404297,189.65351093803375,183.50322114449003,184.6257051610082,31366784,Wipro,WIPRO.NS
2023-07-17,194.21360778808594,198.7503311265953,189.79381016167056,190.3550592889849,45759860,Wipro,WIPRO.NS
2023-07-18,195.12564086914062,196.57550833123594,192.81050597952864,195.49979745165064,17769026,Wipro,WIPRO.NS
2023-07-19,195.47642517089844,196.90291325122197,193.69914565604174,196.4352103693901,10830990,Wipro,WIPRO.NS
2023-07-20,195.33609008789062,196.4351946267433,193.93298155484246,195.73364036021923,8255710,Wipro,WIPRO.NS
2023-07-21,189.27935791015625,193.7926877679994,187.54885157538416,189.4196630624204,23514212,Wipro,WIPRO.NS
2023-07-24,188.975341796875,190.82277387081936,188.71811092371473,190.02767327042733,6808460,Wipro,WIPRO.NS
2023-07-25,187.26821899414062,189.65350639280013,187.08114070806423,189.65350639280013,6458200,Wipro,WIPRO.NS
2023-07-26,188.36734008789062,188.76489040142934,187.73593832793617,188.71811725751428,5329662,Wipro,WIPRO.NS
2023-07-27,187.05776977539062,190.1679910263714,186.6134463367538,188.95196070187603,8948358,Wipro,WIPRO.NS
2023-07-28,186.49652099609375,188.41410563400828,185.4675689640931,187.57223189696435,6760060,Wipro,WIPRO.NS
2023-07-31,189.4430389404297,189.88736236952332,186.59006289478396,186.9642194759038,6762180,Wipro,WIPRO.NS
2023-08-01,190.33169555664062,190.8227778786823,188.9753457659362,189.6535206612884,7181804,Wipro,WIPRO.NS
2023-08-02,188.3907012939453,189.84058297605944,186.61343618242358,189.84058297605944,5399618,Wipro,WIPRO.NS
2023-08-03,186.91744995117188,188.01655455506835,185.7014196292685,188.01655455506835,6821698,Wipro,WIPRO.NS
2023-08-04,191.22030639648438,191.7581618005617,187.2214386047975,187.47868372720512,12481540,Wipro,WIPRO.NS
2023-08-07,192.2960205078125,193.1612736195778,190.84613884392982,191.73478566167464,8822866,Wipro,WIPRO.NS
2023-08-08,194.7280731201172,195.26592851168556,191.7347779089408,192.88064126086343,15724284,Wipro,WIPRO.NS
2023-08-09,195.40625,195.73364771260594,192.95080997493147,194.33053912685247,9309388,Wipro,WIPRO.NS
2023-08-10,195.80380249023438,196.8093608000394,194.35392074734492,195.07886875536906,9901644,Wipro,WIPRO.NS
2023-08-11,193.18466186523438,197.44076077343814,192.85727842500864,195.8038007528335,7571468,Wipro,WIPRO.NS
2023-08-14,194.16683959960938,194.6579361668213,191.52432129353662,193.27820701966792,5792180,Wipro,WIPRO.NS
2023-08-16,195.80380249023438,196.5287504982585,193.6289870124796,193.6991395879248,8131780,Wipro,WIPRO.NS
2023-08-17,195.28932189941406,196.62227789423193,193.86283389725017,195.803797895872,6340960,Wipro,WIPRO.NS
2023-08-18,192.55325317382812,194.72806839233303,190.82274706228475,194.12004617358346,10602392,Wipro,WIPRO.NS
2023-08-21,193.90960693359375,195.19578978747012,192.52987779926298,192.60003037302454,7334260,Wipro,WIPRO.NS
2023-08-22,195.078857421875,195.54656026188277,193.04434721320956,194.09667860322708,6350240,Wipro,WIPRO.NS
2023-08-23,194.21360778808594,195.47641118796412,193.90960379127327,195.14901348483772,6134234,Wipro,WIPRO.NS
2023-08-24,193.02098083496094,196.43520608866706,192.6935831155496,195.85057749911746,5776956,Wipro,WIPRO.NS
2023-08-25,191.6178741455078,192.3661873291236,190.40184381239362,191.758179299146,6598510,Wipro,WIPRO.NS
2023-08-28,190.84616088867188,192.90406504836102,190.6590825850164,192.43636215264252,3401974,Wipro,WIPRO.NS
2023-08-29,190.86953735351562,192.64680248741757,190.40183450005108,191.59447106712233,3998562,Wipro,WIPRO.NS
2023-08-30,190.4486083984375,191.85171696441864,190.19136326411257,191.75817068408986,4018182,Wipro,WIPRO.NS
2023-08-31,191.0098419189453,191.7581693368427,190.0978299213602,190.82276363276054,22061952,Wipro,WIPRO.NS
2023-09-01,194.7280731201172,195.38285421738118,190.58890028386077,190.79937226337583,8476130,Wipro,WIPRO.NS
2023-09-04,203.02981567382812,204.15229969034607,194.564390999276,195.49979672523403,27634648,Wipro,WIPRO.NS
2023-09-05,201.9774932861328,204.6200117257883,201.252545252123,203.82491111381864,17973426,Wipro,WIPRO.NS
2023-09-06,200.7848358154297,203.70797874468505,199.19464891654653,202.86611929032304,13531912,Wipro,WIPRO.NS
2023-09-07,202.4451904296875,202.84274072439968,199.59220006389054,201.0888549593391,9322650,Wipro,WIPRO.NS
2023-09-08,201.1122283935547,202.7258089585338,200.78483068458084,202.7258089585338,5748410,Wipro,WIPRO.NS
2023-09-11,203.38058471679688,204.61999439967184,201.15899620617188,202.51533160013236,8253314,Wipro,WIPRO.NS
2023-09-12,203.4507598876953,206.4908287136034,199.6623635730856,204.4329388245437,14545328,Wipro,WIPRO.NS
2023-09-13,203.7781524658203,204.83048395584154,201.81379464185028,203.4273753024799,7445670,Wipro,WIPRO.NS
2023-09-14,204.12890625,207.30927979077018,203.59103657595352,205.0409182063355,14895010,Wipro,WIPRO.NS
2023-09-15,206.2803497314453,207.54315321803563,204.9707873753332,205.69572113083112,19835876,Wipro,WIPRO.NS
2023-09-18,203.96522521972656,206.28034587093603,203.54429548979383,206.28034587093603,6025196,Wipro,WIPRO.NS
2023-09-20,201.1590118408203,204.3160062855001,200.66791525219682,203.09997594106568,9102700,Wipro,WIPRO.NS
2023-09-21,200.6211395263672,201.69685035231635,197.8616813436004,201.06544866179922,8893070,Wipro,WIPRO.NS
2023-09-22,195.733642578125,199.59219108772962,194.84501001842347,198.4930865364227,19818260,Wipro,WIPRO.NS
2023-09-25,193.67576599121094,196.31828441579106,192.69358708589854,195.7336558141955,9301132,Wipro,WIPRO.NS
2023-09-26,193.11451721191406,194.93855559792044,192.55328231715168,194.93855559792044,6480566,Wipro,WIPRO.NS
2023-09-27,194.40069580078125,194.8216255307516,191.89848258212575,192.81050889136057,7773994,Wipro,WIPRO.NS
2023-09-28,189.58335876464844,194.79824284327609,188.95195704365796,194.79824284327609,16876116,Wipro,WIPRO.NS
2023-09-29,189.91073608398438,191.4073909097072,187.78269383078177,189.4196538019094,12780272,Wipro,WIPRO.NS
2023-10-03,189.630126953125,190.86953665564275,188.7648738227475,190.0978298048795,5728104,Wipro,WIPRO.NS
2023-10-04,189.37289428710938,189.63013943640368,187.38515703630077,188.34395650940988,6905870,Wipro,WIPRO.NS
2023-10-05,190.2615203857422,191.94525355979877,189.41966093529328,190.79939010075213,8125304,Wipro,WIPRO.NS
2023-10-06,190.7526092529297,191.66462124187694,190.33167954471108,190.82276182543976,6365004,Wipro,WIPRO.NS
2023-10-09,189.70028686523438,192.22587950778518,188.67133484230385,189.0455057020781,6030450,Wipro,WIPRO.NS
2023-10-10,190.70584106445312,191.17354392420654,189.98090734109877,190.0744393491543,5128014,Wipro,WIPRO.NS
2023-10-11,196.9730682373047,198.28264488634204,191.29048100819674,191.29048100819674,19092228,Wipro,WIPRO.NS
2023-10-12,195.078857421875,197.32382534464912,193.95637346048792,197.25367277327956,10234398,Wipro,WIPRO.NS
2023-10-13,192.24925231933594,193.8160597339866,191.31384661186192,192.64680259964408,10914054,Wipro,WIPRO.NS
2023-10-16,191.8517303466797,192.64681669230038,190.8929308624849,192.22588694777653,5277652,Wipro,WIPRO.NS
2023-10-17,192.41294860839844,193.55882629404584,192.24924975714052,192.5532680265445,5979388,Wipro,WIPRO.NS
2023-10-18,190.56553649902344,193.46528567447425,190.35506450222684,191.2904702245965,4881066,Wipro,WIPRO.NS
2023-10-19,184.8829345703125,185.56110942555463,182.4508882658702,183.31614141019887,25629102,Wipro,WIPRO.NS
2023-10-20,183.26937866210938,185.23372221864608,182.87182835453285,184.76601933282885,8429336,Wipro,WIPRO.NS
2023-10-23,179.20033264160156,183.80720827357322,178.75602352646314,182.80165006513045,8837826,Wipro,WIPRO.NS
2023-10-25,178.5923309326172,181.32839538016802,178.24155380531985,179.784967456165,6678294,Wipro,WIPRO.NS
2023-10-26,176.9086151123047,177.9843260316155,175.4119601806765,177.1658459881349,10995582,Wipro,WIPRO.NS
2023-10-27,178.82620239257812,179.76160817020565,177.282774295597,177.282774295597,6202812,Wipro,WIPRO.NS
2023-10-30,178.66249084472656,179.76159541005225,177.91416342111174,179.59789655595551,4688744,Wipro,WIPRO.NS
2023-10-31,178.56895446777344,179.6446796592415,177.32954468628913,179.2237499204754,6153536,Wipro,WIPRO.NS
2023-11-01,178.17141723632812,180.32283905844787,177.79724636971142,179.52775272906075,4241952,Wipro,WIPRO.NS
2023-11-02,179.4342041015625,180.13575841000585,178.70927035876795,179.50435667777504,4742730,Wipro,WIPRO.NS
2023-11-03,179.38742065429688,180.8606960359187,178.9664909480441,180.53329833485648,5291528,Wipro,WIPRO.NS
2023-11-06,179.9019012451172,180.74377495233622,179.13019438503528,180.53330295724183,4939936,Wipro,WIPRO.NS
2023-11-07,179.2705078125,181.00101417407393,179.06005008084423,180.01883527353627,5692178,Wipro,WIPRO.NS
2023-11-08,178.7560577392578,180.46317050448314,178.42865999330883,179.8785418675457,7102052,Wipro,WIPRO.NS
2023-11-09,178.1246337890625,179.59789491616502,177.58677836464835,179.13019206482082,9231126,Wipro,WIPRO.NS
2023-11-10,177.39968872070312,178.56894586827738,176.3239778541982,177.8673915797328,10710700,Wipro,WIPRO.NS
2023-11-13,178.49880981445312,179.08343844234872,177.7271028802629,178.94313328091772,3585902,Wipro,WIPRO.NS
2023-11-15,183.1758270263672,183.45645160429427,179.71482862702376,180.32283665156666,10792518,Wipro,WIPRO.NS
2023-11-16,185.7248077392578,186.84729174366186,182.07671688349646,183.17582145426735,13843576,Wipro,WIPRO.NS
2023-11-17,184.92970275878906,186.61343586179783,184.50877305132641,186.1457330150264,7886928,Wipro,WIPRO.NS
2023-11-20,187.17469787597656,187.5956276124243,183.90077772313552,183.90077772313552,8610496,Wipro,WIPRO.NS
2023-11-21,187.38514709472656,188.29717337656265,187.10452252545713,188.29717337656265,5440248,Wipro,WIPRO.NS
2023-11-22,187.1980743408203,188.2971789436118,186.66021889316116,188.2504058018243,5318582,Wipro,WIPRO.NS
2023-11-23,188.25039672851562,189.41965385105297,187.31499103048571,187.31499103048571,9677360,Wipro,WIPRO.NS
2023-11-24,185.2103271484375,188.71809849594578,184.99985515832375,188.25039564961136,6250566,Wipro,WIPRO.NS
2023-11-28,185.60787963867188,186.49651220268626,183.85399394397578,185.67803221182805,8145314,Wipro,WIPRO.NS
2023-11-29,190.00428771972656,191.07999859324556,186.14573910757213,186.14573910757213,15544086,Wipro,WIPRO.NS
2023-11-30,193.18466186523438,193.86283672589119,188.9753360979653,190.33168581927893,19825958,Wipro,WIPRO.NS
2023-12-01,190.65907287597656,193.51206324920693,190.12121742792172,193.51206324920693,9830426,Wipro,WIPRO.NS
2023-12-04,190.56553649902344,193.16128166933584,190.23813878693062,193.0209765202438,10662472,Wipro,WIPRO.NS
2023-12-05,189.1156463623047,191.2904617154403,188.06331497144956,190.54213431620065,11165368,Wipro,WIPRO.NS
2023-12-06,195.85057067871094,196.6222775354103,189.86397983946685,190.23813641448518,22082070,Wipro,WIPRO.NS
2023-12-07,195.61672973632812,197.1367640976983,194.86840227302176,196.4352097770659,11250552,Wipro,WIPRO.NS
2023-12-08,197.65122985839844,198.53986243042826,194.09668529712067,195.8739504411803,15479122,Wipro,WIPRO.NS
2023-12-11,196.71583557128906,197.4641630392035,195.1490280575968,196.43521098667622,10084242,Wipro,WIPRO.NS
2023-12-12,197.46414184570312,200.13003943050035,196.5053424739456,196.76258759604735,11903364,Wipro,WIPRO.NS
2023-12-13,196.27149963378906,198.44631504812236,194.09668421945574,198.09553790796673,9696816,Wipro,WIPRO.NS
2023-12-14,203.1701202392578,203.91844767250421,197.95523618666837,198.0721619020769,24681376,Wipro,WIPRO.NS
2023-12-15,208.8527069091797,210.23243605865005,202.74919028125652,203.94182686776517,41567234,Wipro,WIPRO.NS
2023-12-18,208.2447052001953,212.1032539209176,206.72467085566834,208.59548235662461,20182072,Wipro,WIPRO.NS
2023-12-19,205.18125915527344,209.2268862124446,203.45075279009401,208.40840617248446,16064694,Wipro,WIPRO.NS
2023-12-20,202.02426147460938,210.23244117727268,200.80823115154396,206.72466963371417,26449942,Wipro,WIPRO.NS
2023-12-21,202.98304748535156,204.15230467132707,199.80267364876173,200.59775997132968,10663008,Wipro,WIPRO.NS
2023-12-22,216.38270568847656,218.089818117931,202.98302282007754,203.59103077363974,46080814,Wipro,WIPRO.NS
2023-12-26,219.86712646484375,222.53302431358006,209.6945888376961,212.33710725172563,54628644,Wipro,WIPRO.NS
2023-12-27,220.26467895507812,222.34594822522834,217.0609113446679,219.11880117987906,25262992,Wipro,WIPRO.NS
2023-12-28,219.5631103515625,223.28133947412243,218.72123665111164,221.0129777793264,16839956,Wipro,WIPRO.NS
2023-12-29,220.4283447265625,222.32254980916113,217.99629850101053,220.26466014964544,15961140,Wipro,WIPRO.NS
2024-01-01,223.1644287109375,226.13434488515725,219.02525532428155,221.2234645929253,20347278,Wipro,WIPRO.NS
2024-01-02,219.44619750976562,223.56197715396402,217.15444197396957,223.56197715396402,14282514,Wipro,WIPRO.NS
2024-01-03,213.22573852539062,216.9673615371041,212.80480879120466,216.9673615371041,19534364,Wipro,WIPRO.NS
2024-01-04,211.58877563476562,215.07316772719898,211.1210727645415,213.74021169242843,15170336,Wipro,WIPRO.NS
2024-01-05,213.55313110351562,216.54642658614375,212.10324936677364,212.82818309856526,16889130,Wipro,WIPRO.NS
2024-01-08,210.62998962402344,215.14331944913994,210.02196733125015,213.9740622782207,10082886,Wipro,WIPRO.NS
2024-01-09,210.81704711914062,216.31255528031622,210.44289057062142,214.2078925802915,14465048,Wipro,WIPRO.NS
2024-01-10,212.15000915527344,213.27249310646536,209.99857325614684,211.14445091302144,8874676,Wipro,WIPRO.NS
2024-01-11,209.62442016601562,213.69342634057182,208.92286590076546,212.78141435964142,8638818,Wipro,WIPRO.NS
2024-01-12,217.69229125976562,219.35263062237763,212.80479090230665,212.80479090230665,36086734,Wipro,WIPRO.NS
2024-01-15,231.32583618164062,247.41481162553117,228.7768498989195,239.44048361416074,127844264,Wipro,WIPRO.NS
2024-01-16,226.8358917236328,231.51292041896545,224.7312288107331,231.51292041896545,25912492,Wipro,WIPRO.NS
2024-01-17,225.61985778808594,229.8759566871802,220.7557508776176,222.22901203837677,28668932,Wipro,WIPRO.NS
2024-01-18,225.73678588867188,228.7067019485662,219.0720200343425,225.61986017192925,26144924,Wipro,WIPRO.NS
2024-01-19,226.85926818847656,230.7412105186871,226.18110760042512,228.23899734480392,15498620,Wipro,WIPRO.NS
2024-01-23,219.77357482910156,227.30359385889423,218.44061880060593,223.5853503488525,19972336,Wipro,WIPRO.NS
2024-01-24,224.06219482421875,224.50746587463743,219.37519136128267,220.7578631042886,11708750,Wipro,WIPRO.NS
2024-01-25,220.2891387939453,224.67148941577847,219.60951764431206,224.0621704497216,12852980,Wipro,WIPRO.NS
2024-01-29,221.69525146484375,223.57005274573038,220.28915050417876,220.28915050417876,10051300,Wipro,WIPRO.NS
2024-01-30,221.4608917236328,226.33537198233284,220.9921914236886,222.35141943280718,11828014,Wipro,WIPRO.NS
2024-01-31,224.10906982421875,224.92929543793548,219.82046447607703,221.46091570351047,10584480,Wipro,WIPRO.NS
2024-02-01,220.92189025878906,223.89814003788726,220.5703650322089,223.82782354969277,7828120,Wipro,WIPRO.NS
2024-02-02,226.4525604248047,228.02270938302317,222.63265561549025,222.63265561549025,16296222,Wipro,WIPRO.NS
2024-02-05,226.07760620117188,229.42881068757399,224.5777594292722,226.38225855382683,11566604,Wipro,WIPRO.NS
2024-02-06,234.1861114501953,235.19381427499238,226.42912689474963,227.17905026562138,29024038,Wipro,WIPRO.NS
2024-02-07,232.10040283203125,235.1469548942664,230.858335548395,234.79542965631617,9103534,Wipro,WIPRO.NS
2024-02-08,229.12416076660156,234.39703951558627,227.36653451694,232.4284923945257,11303840,Wipro,WIPRO.NS
2024-02-09,229.87408447265625,231.8894901868986,226.2650861803442,230.0849910407426,7893788,Wipro,WIPRO.NS
2024-02-12,235.02978515625,239.41212177941034,230.1318610080605,230.1318610080605,48873500,Wipro,WIPRO.NS
2024-02-13,239.78709411621094,240.44327172413398,230.45996031550723,235.80314127087928,22373576,Wipro,WIPRO.NS
2024-02-14,241.1463165283203,242.31806733749582,232.96749015883574,236.20153383503916,22594656,Wipro,WIPRO.NS
2024-02-15,243.02110290527344,245.05993774520698,240.46668057663325,242.2946231696187,14570776,Wipro,WIPRO.NS
2024-02-16,254.5042724609375,255.44167309615275,244.16943617912892,244.8959159499813,34942644,Wipro,WIPRO.NS
2024-02-19,251.19993591308594,255.86350970133537,249.04389733094627,255.86350970133537,18602758,Wipro,WIPRO.NS
2024-02-20,249.32513427734375,252.23108190506485,246.65353680335505,251.12961901820466,10374126,Wipro,WIPRO.NS
2024-02-21,244.38035583496094,251.36397336846022,243.4898137930316,251.1765104066625,13115574,Wipro,WIPRO.NS
2024-02-22,248.90330505371094,249.81727642059172,244.4037933190335,245.0365273229982,14596482,Wipro,WIPRO.NS
2024-02-23,251.29368591308594,253.68404608225237,249.9578728479189,250.75466910670673,19860994,Wipro,WIPRO.NS
2024-02-26,249.77040100097656,251.4577106359911,246.5597867856682,251.34053556113741,8820636,Wipro,WIPRO.NS
2024-02-27,249.0907745361328,251.87954697964815,247.2628319644988,250.28595455272642,10399260,Wipro,WIPRO.NS
2024-02-28,242.6461639404297,248.85644324582205,241.38066734166495,248.41117221569402,12789056,Wipro,WIPRO.NS
2024-02-29,243.06796264648438,245.71613076812264,240.53699820632337,242.4586579816602,14462764,Wipro,WIPRO.NS
2024-03-01,243.3023223876953,246.1614114772042,242.57584261994688,244.8490563149495,9420630,Wipro,WIPRO.NS
2024-03-04,243.95851135253906,246.72385462438982,243.04454002660896,245.1068328334668,5662370,Wipro,WIPRO.NS
2024-03-05,240.5838623046875,243.9585102427411,239.34180934956996,242.66958439611759,10521548,Wipro,WIPRO.NS
2024-03-06,240.51358032226562,241.3103479794192,234.3501596798078,240.771359776474,11091922,Wipro,WIPRO.NS
2024-03-07,241.61502075195312,243.91166381788676,239.27151909577512,240.7947951722908,9707982,Wipro,WIPRO.NS
2024-03-11,241.16973876953125,243.23203157624292,240.11516307211664,242.50555181724107,11131512,Wipro,WIPRO.NS
2024-03-12,239.43556213378906,244.8959180193378,237.9825882762082,240.32608988404874,11652760,Wipro,WIPRO.NS
2024-03-13,236.41244506835938,243.11486841139475,232.85031967738382,240.8182253371664,13580480,Wipro,WIPRO.NS
2024-03-14,242.76333618164062,243.20860720655952,232.0769603159742,234.88916223268663,12825472,Wipro,WIPRO.NS
2024-03-15,242.3180694580078,242.90394486772254,237.34984312290723,241.26349372052132,13649086,Wipro,WIPRO.NS
2024-03-18,239.1309051513672,243.04454131773954,238.56845905494563,242.78676186731207,6393960,Wipro,WIPRO.NS
2024-03-19,231.93637084960938,238.56847793542434,231.13957453388622,238.56847793542434,9617386,Wipro,WIPRO.NS
2024-03-20,231.30361938476562,234.93604704481007,229.28821363030974,232.49879953856632,8385344,Wipro,WIPRO.NS
2024-03-21,234.56109619140625,236.8342814490548,233.62369549015753,234.18612732874703,11644580,Wipro,WIPRO.NS
2024-03-22,228.30392456054688,230.01467783656372,224.7652286270561,229.31162736941172,28646502,Wipro,WIPRO.NS
2024-03-26,224.90585327148438,230.1084297272015,224.53088443022622,227.78835740258748,18273346,Wipro,WIPRO.NS
2024-03-27,221.3671417236328,225.42141068376674,220.8750121395091,224.83553532000147,14320668,Wipro,WIPRO.NS
2024-03-28,225.02304077148438,226.40569822106127,222.77327051056673,223.4294624430841,15455150,Wipro,WIPRO.NS
2024-04-01,227.2962188720703,227.97582573288165,225.70262639050296,226.71034349019942,6041008,Wipro,WIPRO.NS
2024-04-02,225.53860473632812,226.24165523201043,224.7886813468805,225.89012998416928,6932654,Wipro,WIPRO.NS
2024-04-03,226.47598266601562,228.5851339413687,223.07790561128016,224.9761360376589,13794516,Wipro,WIPRO.NS
2024-04-04,228.4445343017578,230.57712935106778,224.78867750808175,227.69461092511693,16004046,Wipro,WIPRO.NS
2024-04-05,227.34307861328125,228.3273521205382,226.17132784359399,228.02269978113915,6414344,Wipro,WIPRO.NS
2024-04-08,224.9292755126953,230.41307485149022,224.13249356925562,229.66315149608945,26640770,Wipro,WIPRO.NS
2024-04-09,223.00759887695312,227.43682247030245,222.72639013748815,226.82751779666413,15801250,Wipro,WIPRO.NS
2024-04-10,223.71066284179688,224.71837999892492,221.74213002867953,223.80440862967825,10771534,Wipro,WIPRO.NS
2024-04-12,220.6406707763672,224.97614864079924,220.28914554411594,222.63264709245757,13170046,Wipro,WIPRO.NS
2024-04-15,215.29750061035156,219.5158036031603,214.75849808865692,218.62527583206491,12176472,Wipro,WIPRO.NS
2024-04-16,210.1417999267578,214.89910550859463,208.47790514055137,212.34468293868858,21439424,Wipro,WIPRO.NS
2024-04-18,208.26699829101562,213.46957490953062,207.56394778320546,212.08690318939765,21986258,Wipro,WIPRO.NS
2024-04-19,212.20407104492188,212.74307355516106,204.82204096439725,206.22814193211624,20470106,Wipro,WIPRO.NS
2024-04-22,216.53955078125,218.48465427495057,210.9151468648539,212.20407276236133,18881740,Wipro,WIPRO.NS
2024-04-23,216.58642578125,218.78930875443902,215.69589801321194,218.78930875443902,10322712,Wipro,WIPRO.NS
2024-04-24,215.55526733398438,217.78159378196187,214.9459626591351,217.43006855333385,5915168,Wipro,WIPRO.NS
2024-04-25,216.0708465576172,216.79732632894198,213.63359918303325,215.08657302928142,11805090,Wipro,WIPRO.NS
2024-04-26,217.7581787109375,223.0076138858216,216.35207770458655,216.492682083782,21478294,Wipro,WIPRO.NS
2024-04-29,216.98480224609375,219.35173295936585,216.35205400183762,219.18768499921092,7249940,Wipro,WIPRO.NS
2024-04-30,216.72702026367188,218.76586947082558,216.30519284581896,217.00824331010656,8902956,Wipro,WIPRO.NS
2024-05-02,214.38352966308594,217.00825439117196,213.46957259500175,216.7270313303772,14937276,Wipro,WIPRO.NS
2024-05-03,214.36007690429688,216.539530355598,212.41497359407325,215.78960704343055,9730626,Wipro,WIPRO.NS
2024-05-06,214.9694061279297,216.82077817555523,213.72735309892985,215.03970831757135,6918126,Wipro,WIPRO.NS
2024-05-07,217.43006896972656,218.10969013448153,212.78993880367014,216.44579546696352,9278528,Wipro,WIPRO.NS
2024-05-08,217.10198974609375,218.6018221589237,216.21144771244036,217.9456445843357,8205680,Wipro,WIPRO.NS
2024-05-09,213.6804656982422,217.66441828159637,212.81336727526312,216.42236533691735,9233484,Wipro,WIPRO.NS
2024-05-10,211.78224182128906,214.43039576067383,211.05574774529595,213.7507745772607,6654714,Wipro,WIPRO.NS
2024-05-13,211.82911682128906,212.43842152009475,208.57164385315423,211.78224392824276,7111608,Wipro,WIPRO.NS
2024-05-14,213.89138793945312,215.55526830770268,211.94628452631116,212.18063467978845,4909420,Wipro,WIPRO.NS
2024-05-15,214.80535888671875,215.484980097318,213.09460551610587,213.89140181104298,4793424,Wipro,WIPRO.NS
2024-05-16,217.6878662109375,219.11739644491414,213.77421573457067,216.5395447220328,14621472,Wipro,WIPRO.NS
2024-05-17,216.0708465576172,217.66442477779964,215.62557553416096,217.66442477779964,6876820,Wipro,WIPRO.NS
2024-05-21,216.0239715576172,217.85189991892292,215.46153976376843,217.00824507635056,8467448,Wipro,WIPRO.NS
2024-05-22,216.21144104003906,217.21915812032728,215.06313389584702,216.96136437511018,7765884,Wipro,WIPRO.NS
2024-05-23,218.3206024169922,219.35174883809788,216.4223718504096,216.77389708893222,13171332,Wipro,WIPRO.NS
2024-05-24,217.31289672851562,220.52349672540754,216.53954407468288,218.88304563393268,8205526,Wipro,WIPRO.NS
2024-05-27,212.0634765625,216.60986132139087,211.66507840900766,216.539559130445,40983758,Wipro,WIPRO.NS
2024-05-28,213.7507781982422,214.31322431153265,212.36812081710127,212.78994825026973,15778126,Wipro,WIPRO.NS
2024-05-29,211.29010009765625,213.49299733939245,210.68079539858815,212.78994685419138,9756036,Wipro,WIPRO.NS
2024-05-30,204.79861450195312,210.68079791015185,203.93151603248188,210.44644774562443,20724568,Wipro,WIPRO.NS
2024-05-31,205.38449096679688,207.23584869390075,204.11899435041784,205.0798243084693,21438004,Wipro,WIPRO.NS
2024-06-03,208.1498260498047,211.17293469252593,206.95463158804097,211.00890101467547,8964424,Wipro,WIPRO.NS
2024-06-04,205.3610382080078,208.99346561479234,195.4480295005349,208.99346561479234,17730732,Wipro,WIPRO.NS
2024-06-05,211.61819458007812,213.25864570085392,205.78286987187903,206.087536522902,12267428,Wipro,WIPRO.NS
2024-06-06,216.0708465576172,216.53954687552957,212.13376674787273,213.23521535568656,15425568,Wipro,WIPRO.NS
2024-06-07,227.1087188720703,227.97581726575444,219.4923391906246,220.2891354018149,72672440,Wipro,WIPRO.NS
2024-06-10,222.7498321533203,228.9132386409775,221.8593043857575,228.9132386409775,18311752,Wipro,WIPRO.NS
2024-06-11,223.12478637695312,224.6012038593448,222.32800439810572,224.6012038593448,9371714,Wipro,WIPRO.NS
2024-06-12,223.523193359375,227.03844597344653,222.89044502812223,224.03876660349206,13875116,Wipro,WIPRO.NS
2024-06-13,226.19479370117188,227.48371967467216,224.10907140443152,224.97616992005166,12995932,Wipro,WIPRO.NS
2024-06-14,223.80438232421875,227.60085742960035,223.19507768540325,227.3196344026096,11322596,Wipro,WIPRO.NS
2024-06-18,230.53025817871094,231.06926069283247,224.99958575035404,225.44485678144505,31870984,Wipro,WIPRO.NS
2024-06-19,232.35818481445312,233.01436240505006,228.13988191313175,230.7177336861615,20880284,Wipro,WIPRO.NS
2024-06-20,229.8506317138672,233.17840681251423,228.84292889690465,233.17840681251423,12571126,Wipro,WIPRO.NS
2024-06-21,229.9209442138672,234.7954391534893,229.24133730850002,233.3893381448135,95171176,Wipro,WIPRO.NS
2024-06-24,229.9209442138672,231.95979353716695,229.40538528689868,229.71003764472528,9934518,Wipro,WIPRO.NS
2024-06-25,232.87374877929688,233.41275126789063,229.33505290381956,229.92092828350803,9258210,Wipro,WIPRO.NS
2024-06-26,232.10040283203125,234.30328574102677,231.4442109449787,232.873755494802,12812090,Wipro,WIPRO.NS
2024-06-27,239.41212463378906,239.951141460201,229.28820887292332,230.67086627460867,42137138,Wipro,WIPRO.NS
2024-06-28,241.3103485107422,241.98996969674948,237.09205993081633,239.97456404050502,16405832,Wipro,WIPRO.NS
2024-07-01,247.16909790039062,251.12962125518663,240.95881877116275,242.73990284115155,30757528,Wipro,WIPRO.NS
2024-07-02,252.2545166015625,255.4416730391436,247.6143720154038,248.08307233290682,36276968,Wipro,WIPRO.NS
2024-07-03,252.62945556640625,255.652578149447,250.98900455623476,253.9886978462836,16049384,Wipro,WIPRO.NS
2024-07-04,248.7392578125,257.2227218978826,247.98932015949612,253.75435680202736,19524632,Wipro,WIPRO.NS
2024-07-05,250.80152893066406,251.4577208192969,248.1533892960466,249.04390273668014,10376090,Wipro,WIPRO.NS
2024-07-08,253.66062927246094,254.50428416150137,250.75468144825643,251.19995249189395,12176360,Wipro,WIPRO.NS
2024-07-09,253.56687927246094,255.41825130282146,251.97328670291563,254.9729802665781,8681444,Wipro,WIPRO.NS
2024-07-10,251.01248168945312,254.66833891601962,249.2314259746849,253.56690447071844,9233748,Wipro,WIPRO.NS
2024-07-11,250.3328399658203,252.88726253836919,248.41118001612216,251.55147801323736,8807618,Wipro,WIPRO.NS
2024-07-12,262.54248046875,264.72191966606846,253.82463785788934,255.4416595895744,54186042,Wipro,WIPRO.NS
2024-07-15,262.3315734863281,265.7062214945412,260.66769308026113,265.7062214945412,16099478,Wipro,WIPRO.NS
2024-07-16,262.3315734863281,263.69078724307144,260.784868159663,263.3392620048659,11239032,Wipro,WIPRO.NS
2024-07-18,268.6590270996094,269.2214732007658,260.7614096034311,260.8551553881567,25019786,Wipro,WIPRO.NS
2024-07-19,261.1598205566406,271.79932340076317,259.98806977220414,271.79932340076317,26523490,Wipro,WIPRO.NS
2024-07-22,237.06861877441406,246.88789630919507,235.0766423922326,244.19286943918488,76014568,Wipro,WIPRO.NS
2024-07-23,234.60794067382812,238.09976379741474,227.95240467739822,238.09976379741474,25847632,Wipro,WIPRO.NS
2024-07-24,234.39703369140625,237.32641070138783,234.27985861100697,235.52191160251942,12240276,Wipro,WIPRO.NS
2024-07-25,237.5607452392578,237.86539756754104,231.20984771711852,232.475344223646,21887890,Wipro,WIPRO.NS
2024-07-26,245.9739227294922,247.73154893317167,238.33411321893814,239.03716370040993,26153996,Wipro,WIPRO.NS
2024-07-29,245.78643798828125,248.66892754260326,245.0599296693725,247.47374755143585,12011554,Wipro,WIPRO.NS
2024-07-30,244.42721557617188,246.98163802798547,243.60699002054713,245.7864579398003,10816526,Wipro,WIPRO.NS
2024-07-31,244.66156005859375,246.02080239068675,243.46637999813763,244.56781427582933,7758508,Wipro,WIPRO.NS
2024-08-01,244.4506378173828,246.91131441325822,242.5524073077182,245.13025897958767,10759752,Wipro,WIPRO.NS
2024-08-02,235.3578643798828,243.3726427654742,234.81886186904686,241.3806663923336,15652228,Wipro,WIPRO.NS
2024-08-05,227.3196563720703,232.4050577310106,225.09332984059128,229.66315798415351,21938080,Wipro,WIPRO.NS
2024-08-06,229.42880249023438,234.04550341945009,228.069574447539,229.545977568115,11271584,Wipro,WIPRO.NS
2024-08-07,233.13153076171875,234.39702731705552,230.905204294677,233.7408497453839,7079826,Wipro,WIPRO.NS
2024-08-08,228.3976593017578,231.5379571546469,227.9524025816965,231.5379571546469,13160570,Wipro,WIPRO.NS
2024-08-09,230.27244567871094,232.6862636038011,229.499093064547,232.1706904264926,6065948,Wipro,WIPRO.NS
2024-08-12,229.2178955078125,231.5379679117689,228.44454280769344,230.3896463575684,7338468,Wipro,WIPRO.NS
2024-08-13,229.8975067138672,230.92865313820266,228.3273577828285,229.21788552915535,6289418,Wipro,WIPRO.NS
2024-08-14,232.0769500732422,232.8737463025835,229.87406725120098,231.06924729161497,11121756,Wipro,WIPRO.NS
2024-08-16,241.966552734375,242.52899886895034,233.38934215549696,234.81887248411016,25931140,Wipro,WIPRO.NS
2024-08-19,243.6069793701172,245.22400111623534,240.77134829465552,241.8493532563357,11466562,Wipro,WIPRO.NS
2024-08-20,245.90362548828125,247.28626849680413,243.56012397255262,243.67729904833905,9543812,Wipro,WIPRO.NS
2024-08-21,246.7003936767578,247.520619209121,244.21628778589715,245.31775066510264,6454402,Wipro,WIPRO.NS
2024-08-22,243.25546264648438,248.6689455446344,242.81019162732986,247.3800196828274,11496506,Wipro,WIPRO.NS
2024-08-23,240.1620635986328,244.40379591780513,239.66991966369517,243.677316118477,11277706,Wipro,WIPRO.NS
2024-08-26,243.7241668701172,245.97392268901726,241.82593629189515,241.84936558650088,17351380,Wipro,WIPRO.NS
2024-08-27,242.3883819580078,245.2474424674489,241.84936514706857,243.72416642727842,7965796,Wipro,WIPRO.NS
2024-08-28,250.5671844482422,252.20763559979272,242.71645393725026,243.72417108751043,34375566,Wipro,WIPRO.NS
2024-08-29,252.48887634277344,254.01215243246963,250.3094083407904,250.7546793807566,25685318,Wipro,WIPRO.NS
2024-08-30,252.3482666015625,254.03557632987824,251.0827700017269,253.8949719537182,19434804,Wipro,WIPRO.NS
2024-09-02,249.55947875976562,254.035560872895,249.27824141736002,252.34825124724486,15735982,Wipro,WIPRO.NS
2024-09-03,251.24679565429688,253.49655142265053,248.1768143427895,249.8172654290969,15056686,Wipro,WIPRO.NS
2024-09-04,243.32577514648438,247.5909364854662,242.20088296992836,247.47376140904146,20402128,Wipro,WIPRO.NS
2024-09-05,245.99734497070312,246.53636176725539,243.48980976823037,244.2866060124916,12069118,Wipro,WIPRO.NS
2024-09-06,244.00538635253906,248.36432241443583,242.99769778258977,245.99736280399995,14579954,Wipro,WIPRO.NS
2024-09-09,241.3103485107422,244.54439216432323,240.6541852265123,242.36492423162332,11919540,Wipro,WIPRO.NS
2024-09-10,246.419189453125,247.4737651569187,240.91196077775797,242.22431593215074,10287272,Wipro,WIPRO.NS
2024-09-11,241.0760040283203,246.65354941522062,240.5604451066261,246.0676740009327,8261524,Wipro,WIPRO.NS
2024-09-12,248.4346160888672,249.34858749756313,242.66960747530698,243.93510414833221,15779474,Wipro,WIPRO.NS
2024-09-13,258.0663757324219,258.95691775218575,248.80954473585052,250.19221635298018,35919706,Wipro,WIPRO.NS
2024-09-16,258.67572021484375,260.99576393249436,257.31647783259405,259.19127912827776,11088578,Wipro,WIPRO.NS
2024-09-17,258.67572021484375,260.08182118660653,256.4025064795087,257.31647783259405,8728238,Wipro,WIPRO.NS
2024-09-18,252.23109436035156,257.33991079967575,249.65324254199962,257.33991079967575,16665520,Wipro,WIPRO.NS
2024-09-19,249.98130798339844,258.46480106712386,248.01278949559256,255.06672369609075,20969182,Wipro,WIPRO.NS
2024-09-20,252.6763458251953,253.44971284123818,248.87988445436426,252.11392829410843,16664232,Wipro,WIPRO.NS
2024-09-23,250.7078094482422,253.28566117572302,249.34856709450992,252.67632788165184,8544290,Wipro,WIPRO.NS
2024-09-24,252.88723754882812,253.98870040248872,248.1064888353461,249.4423018356755,12355694,Wipro,WIPRO.NS
2024-09-25,251.31712341308594,252.81697019497548,248.7627008855675,252.53573283182234,8065196,Wipro,WIPRO.NS
2024-09-26,253.98873901367188,254.55115656541872,251.08279103177992,252.488892125547,11403400,Wipro,WIPRO.NS
2024-09-27,253.9418182373047,261.95661057640007,253.42625934730273,257.2696075502143,26462384,Wipro,WIPRO.NS
2024-09-30,253.77780151367188,255.20733181063895,250.28597830464867,252.16077964026402,8199446,Wipro,WIPRO.NS
2024-10-01,256.26190185546875,257.5976863344701,253.19192045820077,253.19192045820077,9411274,Wipro,WIPRO.NS
2024-10-03,248.4814910888672,254.22307012435402,246.6535483612208,253.1450364809125,14035368,Wipro,WIPRO.NS
2024-10-04,250.07505798339844,254.01215223973594,247.49720614125317,247.49720614125317,11922754,Wipro,WIPRO.NS
2024-10-07,249.0907745361328,253.89495250273478,246.51292294429763,252.16075571042475,9878074,Wipro,WIPRO.NS
2024-10-08,246.98165893554688,250.19224493932543,243.86479011744396,249.13766913567852,11502804,Wipro,WIPRO.NS
2024-10-09,248.95018005371094,252.48886165790805,247.70811279454935,248.31741747355073,8841688,Wipro,WIPRO.NS
2024-10-10,246.0676727294922,251.9732854321209,245.3411929409685,250.75467601957777,12620244,Wipro,WIPRO.NS
2024-10-11,247.6143798828125,250.4734690747405,243.88820651883304,243.88820651883304,8436982,Wipro,WIPRO.NS
2024-10-14,257.5742492675781,258.65225425758405,251.36397016903481,252.48886235429111,33136266,Wipro,WIPRO.NS
2024-10-15,249.79383850097656,259.1209576014352,248.8095506755513,259.1209576014352,21601252,Wipro,WIPRO.NS
2024-10-16,249.41888427734375,252.535724210365,247.94246684098837,249.81726810254594,12553622,Wipro,WIPRO.NS
2024-10-17,247.82530212402344,252.16078022264702,246.09110516313436,250.73124992237834,23755278,Wipro,WIPRO.NS
2024-10-18,257.1524353027344,261.7222633035247,245.97391579802175,249.34856373542928,74653054,Wipro,WIPRO.NS
2024-10-21,256.8946228027344,263.3627098238487,256.37906391598284,258.53507385155694,23966964,Wipro,WIPRO.NS
2024-10-22,255.65260314941406,260.36303578923787,254.90266544996865,257.69143816141,18478300,Wipro,WIPRO.NS
2024-10-23,256.4728088378906,259.8943152925298,254.12930734742596,256.6134132058793,12698576,Wipro,WIPRO.NS
2024-10-24,256.33221435546875,258.01952405079675,255.51198880217376,256.47281872887993,9576604,Wipro,WIPRO.NS
2024-10-25,254.7152099609375,258.7225922167683,253.3325382122523,257.668016433276,10124540,Wipro,WIPRO.NS
2024-10-28,261.81597900390625,262.378425091504,254.36366131662385,254.7151865454729,11185858,Wipro,WIPRO.NS
2024-10-29,263.5033264160156,264.0657725231426,259.3084528179905,262.37843420176176,12055630,Wipro,WIPRO.NS
2024-10-30,264.932861328125,271.26031577824386,262.9877435172464,263.6439354216193,20755492,Wipro,WIPRO.NS
2024-10-31,258.62884521484375,265.42500023219804,256.98839400375823,264.7219497131614,15680094,Wipro,WIPRO.NS
2024-11-01,258.41790771484375,260.08181672195786,257.7851737312912,258.58196998971823,1962810,Wipro,WIPRO.NS
2024-11-04,253.47312927246094,258.9334994850865,250.3797185796895,258.25387829445106,9855560,Wipro,WIPRO.NS
2024-11-05,254.83238220214844,255.60572060375378,253.2856767917391,254.5042862406195,6862260,Wipro,WIPRO.NS
2024-11-06,264.3001403808594,265.2140831830394,253.5668908591009,256.59001385603284,19554884,Wipro,WIPRO.NS
2024-11-07,264.0657653808594,267.01857160441347,259.8708918962945,265.2843747406764,11997142,Wipro,WIPRO.NS
2024-11-08,266.69049072265625,271.2837482860708,264.81568938189946,264.81568938189946,20852658,Wipro,WIPRO.NS
2024-11-11,268.79962158203125,273.34602020555536,265.3077986316712,266.6904702357032,16139444,Wipro,WIPRO.NS
2024-11-12,267.4638366699219,271.70556864813176,266.7138990283183,269.5026715246649,11260890,Wipro,WIPRO.NS
2024-11-13,266.69049072265625,268.84650082164734,265.0734688448139,267.1591910578455,11391200,Wipro,WIPRO.NS
2024-11-14,265.61248779296875,269.29177401068847,264.4407369456442,266.66706355556084,9783520,Wipro,WIPRO.NS
2024-11-18,259.1209716796875,265.61248855685375,253.23878813064115,265.61248855685375,15289764,Wipro,WIPRO.NS
2024-11-19,263.4095764160156,267.06543314305475,259.9880698459302,260.5973745325706,12919778,Wipro,WIPRO.NS
2024-11-21,261.13641357421875,266.03430938588815,260.2693007553304,263.4095988473706,11672608,Wipro,WIPRO.NS
2024-11-22,267.93255615234375,268.8464989137181,261.487926589228,263.3861572118334,14733232,Wipro,WIPRO.NS
2024-11-25,272.9945068359375,275.3848670226988,268.98712482533307,269.7370338937139,23297474,Wipro,WIPRO.NS
2024-11-26,276.06451416015625,276.6972482081357,271.5181149118003,274.1897127057579,15771340,Wipro,WIPRO.NS
2024-11-27,273.2054443359375,279.3454074528436,272.73674398786227,277.236255886505,13659676,Wipro,WIPRO.NS
2024-11-28,268.1903381347656,274.6583970538431,267.41697113704186,274.54122196977573,11896556,Wipro,WIPRO.NS
2024-11-29,270.8385009765625,272.19774351058476,267.90912362496346,269.5027163471136,8540112,Wipro,WIPRO.NS
2024-12-02,273.978759765625,274.44746007438744,271.00252424786237,272.9945005601026,11194000,Wipro,WIPRO.NS
2024-12-03,273.39288330078125,277.65807325800534,271.1899861368519,276.86127701481433,15445286,Wipro,WIPRO.NS
2024-12-04,275.5957946777344,278.40799666424186,273.533501778083,276.2050993867047,14036431,Wipro,WIPRO.NS
2024-12-05,280.56402587890625,282.06387276210654,275.50206767940523,276.5332141995554,13487264,Wipro,WIPRO.NS
2024-12-06,278.736083984375,280.4233936811406,277.6580789777082,280.4233936811406,7894350,Wipro,WIPRO.NS
2024-12-09,284.7354431152344,286.56338579786535,275.3614367575312,276.5331875522441,9285213,Wipro,WIPRO.NS
2024-12-10,288.8131408691406,291.5315969845345,284.4542336453129,286.8445938175806,17028502,Wipro,WIPRO.NS
2024-12-11,289.6567687988281,290.5004235690363,286.42272547130324,288.8599726130559,8608406,Wipro,WIPRO.NS
2024-12-12,289.7505187988281,294.1562842662282,288.20381359636644,288.7193724614554,12958440,Wipro,WIPRO.NS
2024-12-13,290.54736328125,291.5784811827857,285.15730916584226,289.7505669514455,7382211,Wipro,WIPRO.NS
2024-12-16,289.84429931640625,291.90656363113567,287.8757521831477,290.59420841136273,7221189,Wipro,WIPRO.NS
2024-12-17,289.5162048339844,292.70336141457693,288.06321662020946,291.53161056824155,10568517,Wipro,WIPRO.NS
2024-12-18,293.0314636230469,293.6407683546974,289.23497363562603,289.65681539218355,10965226,Wipro,WIPRO.NS
2024-12-19,293.17205810546875,293.7813628165425,282.2982046653291,287.17269956831524,12405595,Wipro,WIPRO.NS
2024-12-20,286.0946960449219,299.96821452376685,285.34475834429355,295.74991150702635,22214824,Wipro,WIPRO.NS
2024-12-23,288.62567138671875,291.20352332581405,285.9072150632945,287.40706191293526,6693583,Wipro,WIPRO.NS
2024-12-24,286.18841552734375,289.8443010570064,283.8449138325335,288.2507084616561,8837902,Wipro,WIPRO.NS
2024-12-26,285.95404052734375,287.73512454649966,284.96978134386995,286.282136457567,6516148,Wipro,WIPRO.NS
2024-12-27,289.7505187988281,291.4378283638418,285.625962056532,286.0946623365019,8063921,Wipro,WIPRO.NS
2024-12-30,284.6885681152344,290.031734266796,283.7042803400973,289.7505255351542,13709891,Wipro,WIPRO.NS
2024-12-31,282.95440673828125,284.0324118207817,276.7675564029234,282.11075183055044,9337030,Wipro,WIPRO.NS
